6,A Droid's Tale,John Whitman,11/1/1997,0 BBY - 4 ABY,Children's Book, False, False
7,A Forest Apart,Troy Denning,2/11/2003,8 ABY,Short Story, False, False
23,A New Hope: The Life of Luke Skywalker,Ryder Windham,9/1/2009,15 BBY - 4 ABY,Junior Reader, False, False
29,A Queen's Diary,Simon Beecroft,9/17/2007,32 BBY,Children's Book, False, False
30,A Race to the Finish,Peter Sauder and Steven Wright,6/9/1995,15 BBY,Children's Book, False, False
37,Abyss,Troy Denning,8/18/2009,43 ABY,Adult Novel, False, False
38,Adventure in Beggar's Canyon,Jane Mason,6/1/1998,5 BBY,Children's Book, False, False
39,Adventures in ABC,Unknown Author,6/6/1995,0 ABY,Children's Book, False, False
40,Adventures in Colors and Shapes,Unknown Author,6/6/1995,0 ABY,Children's Book, False, False
41,Adventures In Hyperspace #1: Fire Ring Race,Ryder Windham,6/1/2010,3 BBY,Junior Reader, False, False
42,Adventures In Hyperspace #2: Shinbone Showdown,Ryder Windham,6/1/2010,3 BBY,Junior Reader, False, False
108,Agents of Chaos I: Hero's Trial,James Luceno,8/1/2000,25 ABY,Adult Novel, False, False
109,Agents of Chaos II: Jedi Eclipse,James Luceno,10/3/2000,25 ABY,Adult Novel, False, False
117,Allegiance,Timothy Zahn,1/30/2007,0 ABY,Adult Novel, False, False
124,Allies,Christie Golden,5/25/2010,44 ABY,Adult Novel, False, False
129,Ambush at Corellia,Roger MacBride Allen,2/2/1995,18 ABY,Adult Novel, False, False
130,An Ewok Adventure,Guy Dorian,6/19/1995,4 ABY,Children's Book, False, False
131,Anakin Skywalker: A Jedi's Journal,Scott Ciencin,4/23/2002,32 BBY - 22 BBY,Children's Book, False, False
133,Anakin to the Rescue,Cecilia Venn,5/11/1999,32 BBY,Children's Book, False, False
134,Anakin: Apprentice,Marc Cerasini,4/23/2002,32 BBY - 22 BBY,Junior Reader, False, False
135,Anakin's Fate,Marc Cerasini,5/11/1999,32 BBY,Children's Book, False, False
136,Anakin's Pit Droid,Justine and Ron Fontes,3/28/2000,32 BBY,Children's Book, False, False
137,Apocalypse,Troy Denning,3/13/2012,44 ABY,Adult Novel, False, False
138,Artoo Detoo's Activity Book,James Razzi,3/1/1979,0 ABY,Children's Book, False, False
139,Ascension,Christie Golden,8/9/2011,44 ABY,Adult Novel, False, False
140,Assault at Selonia,Roger MacBride Allen,6/1/1995,18 ABY,Adult Novel, False, False
146,Backlash,Aaron Allston,3/4/2010,43 ABY,Adult Novel, False, False
151,Balance Point,Kathy Tyers,10/31/2000,26 ABY,Adult Novel, False, False
156,Battle in the Arena,Justine and Ron Fontes,10/1/2002,22 BBY,Children's Book, False, False
177,Before the Storm,Michael P. Kube-McDowell,3/1/1996,16 ABY,Adult Novel, False, False
178,Betrayal,Aaron Allston,5/30/2006,40 ABY,Adult Novel, False, False
179,Beware the Dark Side,Simon Beecroft,8/20/2007,32 BBY - 4 ABY,Children's Book, False, False
195,Bloodlines,Karen Traviss,8/29/2006,40 ABY,Adult Novel, False, False
196,Boba Fett #1: The Fight to Survive,Terry Bisson,4/23/2002,22 BBY,Junior Reader, False, False
197,Boba Fett #2: Crossfire,Terry Bisson,11/1/2002,22 BBY,Junior Reader, False, False
198,Boba Fett #3: Maze of Deception,Elizabeth Hand,4/1/2003,22 BBY,Junior Reader, False, False
199,Boba Fett #4: Hunted,Elizabeth Hand,10/1/2003,22 BBY,Junior Reader, False, False
200,Boba Fett #5: A New Threat,Elizabeth Hand,4/1/2004,20 BBY,Junior Reader, False, False
201,Boba Fett #6: Pursuit,Elizabeth Hand,12/1/2004,20 BBY,Junior Reader, False, False
202,Boba Fett: A Practical Man,Karen Traviss,8/8/2006,25 ABY,Short Story, False, False
214,Boba Fett: Part 1: Survival,Terry Bisson | Elizabeth Hand,8/1/2008,22 BBY,Junior Reader, False, False
240,C-3PO's Big Adventure,Liza Baker,8/1/2000,32 BBY,Children's Book, False, False
249,Catch That Pit Droid!,Liza Baker,5/1/2000,32 BBY,Children's Book, False, False
250,Champions of the Force,Kevin J. Anderson,9/1/1994,11 ABY,Adult Novel, False, False
265,Chewbacca the Wookiee,Art Ruiz,6/1/1998,0 ABY,Children's Book, False, False
266,Chewbacca's Activity Book,James Razzi,3/1/1979,0 ABY,Children's Book, False, False
269,Children of the Jedi,Barbara Hambly,4/1/1995,12 ABY,Adult Novel, False, False
270,Choices of One,Timothy Zahn,7/19/2011,0 ABY,Adult Novel, False, False
275,Choose Your Own Star Wars Adventure: A New Hope,Christopher Golden,8/1/1998,0 ABY,Children's Book, False, False
276,Choose Your Own Star Wars Adventure: Return of the Jedi,Christopher Golden,8/1/1998,4 ABY,Children's Book, False, False
277,Choose Your Own Star Wars Adventure: The Empire Strikes Back,Christopher Golden,8/1/1998,3 ABY,Children's Book, False, False
285,Classic Star Wars (Random House),Cynthia Alvarez,6/17/1995,0 ABY,Children's Book, False, False
309,Classic Star Wars: A New Hope (Random House),Larry Weinberg,5/1/2004,0 ABY,Children's Book, False, False
326,Classic Star Wars: The Empire Strikes Back (Random House),Larry Weinberg,5/1/1995,3 ABY,Children's Book, False, False
327,Cloak of Deception,James Luceno,5/29/2001,33 BBY,Adult Novel, False, False
339,Clone Wars Gambit: Siege,Karen Miller,2/23/2010,22 BBY,Adult Novel, False, False
340,Clone Wars Gambit: Stealth,Karen Miller,7/6/2010,22 BBY,Adult Novel, False, False
366,Clone Wars Ultimate Sticker Book,Unknown Author,7/26/2008,22 BBY,Children's Book, False, False
384,Conviction,Aaron Allston,5/24/2011,44 ABY,Adult Novel, False, False
385,Coruscant Nights I: Jedi Twilight,Michael Reaves,6/24/2008,19 BBY,Adult Novel, False, False
386,Coruscant Nights II: Street of Shadows,Michael Reaves,8/26/2008,19 BBY,Adult Novel, False, False
387,Coruscant Nights III: Patterns of Force,Michael Reaves,1/27/2009,19 BBY,Adult Novel, False, False
419,Crosscurrent,Paul S. Kemp,1/26/2010,5000 BBY / 41 ABY,Adult Novel, False, False
420,Crucible,Troy Denning,7/9/2013,45 ABY,Adult Novel, False, False
422,Dangers of the Core,Jim Thomas,5/11/1999,32 BBY,Children's Book, False, False
423,Dark Apprentice,Kevin J. Anderson,6/1/1994,11 ABY,Adult Novel, False, False
442,Dark Force Rising,Timothy Zahn,5/1/1992,9 ABY,Adult Novel, False, False
453,Dark Forces: Jedi Knight,William C. Dietz,10/14/1998,5 ABY,Adult Novel, False, False
454,Dark Forces: Rebel Agent,William C. Dietz,3/11/1998,5 ABY,Adult Novel, False, False
455,Dark Forces: Soldier for the Empire,William C. Dietz,2/1/1997,1 month before Episode IV,Adult Novel, False, False
456,Dark Journey,Elaine Cunningham,1/29/2002,27 ABY,Adult Novel, False, False
459,Dark Lord: The Rise of Darth Vader,James Luceno,11/22/2005,19 BBY,Adult Novel, False, False
461,Dark Tide I: Onslaught,Michael A. Stackpole,2/1/2000,25 ABY,Adult Novel, False, False
462,Dark Tide II: Ruin,Michael A. Stackpole,6/6/2000,25 ABY,Adult Novel, False, False
502,Darksaber,Kevin J. Anderson,10/1/1995,12 ABY,Adult Novel, False, False
504,Darth Bane: Dynasty of Evil,Drew Karpyshyn,12/8/2009,980 BBY,Adult Novel, False, False
505,Darth Bane: Path of Destruction,Drew Karpyshyn,9/26/2006,1003 BBY - 1000 BBY,Adult Novel, False, False
506,Darth Bane: Rule of Two,Drew Karpyshyn,12/26/2007,1000 BBY - 990 BBY,Adult Novel, False, False
523,Darth Maul: Saboteur,James Luceno,2/15/2001,33 BBY,Short Story, False, False
524,Darth Maul: Shadow Conspiracy,Jason Fry,1/1/2013,20 BBY,Junior Reader, False, False
525,Darth Maul: Shadow Hunter,Michael Reaves,1/30/2001,32 BBY,Adult Novel, False, False
531,Darth Maul's Revenge,Eric Arnold,11/14/2000,32 BBY,Children's Book, False, False
532,Darth Plagueis,James Luceno,1/10/2012,67 BBY - 32 BBY,Adult Novel, False, False
639,Darth Vader's Activity Book,James Razzi,3/1/1979,0 ABY,Children's Book, False, False
640,Darth Vader's Mission: The Search for the Secret Plans,Jane Paley,9/1/1997,0 ABY,Children's Book, False, False
656,Dawn of the Jedi: Into the Void,Tim Lebbon,5/7/2013,25802 BBY - 25793 BBY,Adult Novel, False, False
667,Death Star,Michael Reaves |  Steve Perry,10/16/2007,3 BBY - 0 BBY,Adult Novel, False, False
672,Death Troopers,Joe Schreiber,10/13/2009,1 BBY,Adult Novel, False, False
674,Destiny's Way,Walter Jon Williams,10/1/2002,28 ABY,Adult Novel, False, False
747,Droid to the Rescue,Gail Herman,3/1/2000,32 BBY,Children's Book, False, False
750,Droids Everywhere!,Liza Baker,9/1/2000,32 BBY,Children's Book, False, False
770,Droids: The White Witch (Adaptation),Peter Sauder,6/9/1995,15 BBY,Children's Book, False, False
781,Edge of Victory I: Conquest,Greg Keyes,4/20/2001,26 ABY,Adult Novel, False, False
782,Edge of Victory II: Rebirth,Greg Keyes,7/31/2001,26 ABY,Adult Novel, False, False
824,Empire and Rebellion: Honor Among Thieves,James S. A. Corey,3/4/2014,2 ABY,Adult Novel, False, False
825,Empire and Rebellion: Razor's Edge,Martha Wells,9/24/2013,2 ABY,Adult Novel, False, False
839,Enemy Lines I: Rebel Dream,Aaron Allston,3/26/2002,27 ABY,Adult Novel, False, False
840,Enemy Lines II: Rebel Stand,Aaron Allston,5/28/2002,27 ABY,Adult Novel, False, False
841,Epic Battles,Simon Beecroft,2/18/2008,32 BBY - 5 ABY,Children's Book, False, False
843,Episode I Journal: Anakin Skywalker,Todd Strasser,5/3/1999,32 BBY,Junior Reader, False, False
844,Episode I Journal: Darth Maul,Jude Watson,3/1/2000,32 BBY,Junior Reader, False, False
845,Episode I Journal: Queen Amidala,Jude Watson,5/3/1999,32 BBY,Junior Reader, False, False
849,Episode I Adventures #1: Search for the Lost Jedi,Ryder Windham,9/1/1999,32 BBY,Junior Reader, False, False
850,Episode I Adventures #2: The Bartokk Assassins,Ryder Windham,10/1/1999,32 BBY,Junior Reader, False, False
851,Episode I Adventures #3: The Fury of Darth Maul,Ryder Windham,11/1/1999,32 BBY,Junior Reader, False, False
852,Episode I Adventures #4: Jedi Emergency,Ryder Windham,12/1/1999,32 BBY,Junior Reader, False, False
853,Episode I Adventures #5: The Ghostling Children,Dave Wolverton,1/1/2000,32 BBY,Junior Reader, False, False
854,Episode I Adventures #6: The Hunt for Anakin Skywalker,Dave Wolverton,2/1/2000,32 BBY,Junior Reader, False, False
855,Episode I Adventures #7: Capture Arawynne,Dave Wolverton,3/1/2000,32 BBY,Junior Reader, False, False
856,Episode I Adventures #8: Trouble on Tatooine,Dave Wolverton,4/1/2000,32 BBY,Junior Reader, False, False
857,Episode I Adventures #9: Rescue in the Core,Ryder Windham,5/1/2000,33 BBY,Junior Reader, False, False
858,Episode I Adventures #10: Festival of Warriors,Ryder Windham,6/1/2000,33 BBY,Junior Reader, False, False
859,Episode I Adventures #11: Pirates from Beyond the Sea,Ryder Windham,7/1/2000,33 BBY,Junior Reader, False, False
860,Episode I Adventures #12: The Bongo Rally,Ryder Windham,8/1/2000,33 BBY,Junior Reader, False, False
861,Episode I Adventures #13: Danger on Naboo,A.L. Singer,9/1/2000,32 BBY,Junior Reader, False, False
862,Episode I Adventures #14: Podrace to Freedom,A.L. Singer,10/1/2000,32 BBY,Junior Reader, False, False
863,Episode I Adventures #15: The Final Battle,A.L. Singer,11/1/2000,32 BBY,Junior Reader, False, False
864,Episode I Adventures Gamebook #1: Search for the Lost Jedi,Ryder Windham,9/1/1999,33 BBYâ€“32 BBY,Junior Reader, False, False
865,Episode I Adventures Gamebook #2: The Bartokk Assassins,Ryder Windham,10/1/1999,33 BBYâ€“32 BBY,Junior Reader, False, False
866,Episode I Adventures Gamebook #3: The Fury of Darth Maul,Ryder Windham,11/1/1999,33 BBYâ€“32 BBY,Junior Reader, False, False
867,Episode I Adventures Gamebook #4: Jedi Emergency,Ryder Windham,12/1/1999,33 BBYâ€“32 BBY,Junior Reader, False, False
868,Episode I Adventures Gamebook #5: The Ghostling Children,Dave Wolverton,1/1/2000,33 BBYâ€“32 BBY,Junior Reader, False, False
869,Episode I Adventures Gamebook #6: The Hunt for Anakin Skywalker,Dave Wolverton,2/1/2000,33 BBY-32 BBY,Junior Reader, False, False
870,Episode I Adventures Gamebook #7: Capture Arawynne,Dave Wolverton,3/1/2000,33 BBYâ€“32 BBY,Junior Reader, False, False
871,Episode I Adventures Gamebook #8: Trouble on Tatooine,Dave Wolverton,4/1/2000,33 BBYâ€“32 BBY,Junior Reader, False, False
872,Episode I Adventures Gamebook #9: Rescue in the Core,Ryder Windham,5/1/2000,33 BBY-32 BBY,Junior Reader, False, False
873,Episode I Adventures Gamebook #10: Festival of Warriors,Ryder Windham,6/1/2000,33 BBY-32 BBY,Junior Reader, False, False
874,Episode I Adventures Gamebook #11: Pirates from Beyond the Sea,Ryder Windham,7/1/2000,33 BBYâ€“32 BBY,Junior Reader, False, False
875,Episode I Adventures Gamebook #12: The Bongo Rally,Ryder Windham,8/1/2000,33 BBYâ€“32 BBY,Junior Reader, False, False
876,Episode I Adventures Gamebook #13: Danger on Naboo,A.L. Singer,9/1/2000,32 BBY,Junior Reader, False, False
877,Episode I Adventures Gamebook #14: Podrace to Freedom,A.L. Singer,10/1/2000,32 BBY,Junior Reader, False, False
878,Episode I Adventures Gamebook #15: The Final Battle,A.L. Singer,11/1/2000,32 BBY,Junior Reader, False, False
879,Episode I Adventures Guide,David Levithan,6/21/1995,32 BBY,Children's Book, False, False
882,Episode I: Anakin's Adventures to Color,Uldis Klavins,5/3/1999,32 BBY,Children's Book, False, False
883,Episode I: Battles to Color,David Boller,4/25/1999,32 BBY,Children's Book, False, False
884,Episode I: Giant Coloring Fun!,Uldis Klavins,8/3/1999,32 BBY,Children's Book, False, False
885,Episode I: Jar Jar's Coloring Fun,Uldis Klavins,5/3/1999,32 BBY,Children's Book, False, False
886,Episode I: Jedi Missions to Color,Scott Kollins,5/3/1999,32 BBY,Children's Book, False, False
892,Episode I: The Phantom Menace (Mighty Chronicles),John Whitman,5/3/1999,32 BBY,Children's Book, False, False
899,Episode I: The Phantom Menace Movie Storybook,George Lucas,6/21/1995,32 BBY,Children's Book, False, False
900,Episode II Adventures 1: Hunt the Sun Runner,Ryder Windham,10/1/2002,23 BBY,Junior Reader, False, False
901,Episode II Adventures 2: The Cavern of Screaming Skulls,Ryder Windham,11/1/2002,23 BBY,Junior Reader, False, False
902,Episode II Adventures 3: The Hostage Princess,Ryder Windham,12/1/2002,23 BBY,Junior Reader, False, False
903,Episode II Adventures 4: Jango Fett vs. the Razor Eaters,Ryder Windham,1/1/2003,23 BBY,Junior Reader, False, False
904,Episode II Adventures 5: The Shape-Shifter Strikes,Ryder Windham,2/1/2003,23 BBY,Junior Reader, False, False
905,Episode II Adventures 6: The Warlords of Balmorra,Ryder Windham,3/1/2003,23 BBY,Junior Reader, False, False
906,Episode II Adventures Game Book 1: Hunt the Sun Runner,Ryder Windham,10/1/2002,22 BBY,Junior Reader, False, False
907,Episode II Adventures Game Book 2: The Cavern of Screaming Skulls,Ryder Windham,11/1/2002,22 BBY,Junior Reader, False, False
908,Episode II Adventures Game Book 3: The Hostage Princess,Ryder Windham,12/1/2002,22 BBY,Junior Reader, False, False
909,Episode II Adventures Game Book 4: Jango Fett vs. the Razor Eaters,Ryder Windham,1/1/2003,22 BBY,Junior Reader, False, False
910,Episode II Adventures Game Book 5: The Shape-Shifter Strikes,Ryder Windham,2/1/2003,22 BBY,Junior Reader, False, False
911,Episode II Adventures Game Book 6: The Warlords of Balmorra,Ryder Windham,3/1/2003,22 BBY,Junior Reader, False, False
913,Episode II: Attack of the Clones (Mighty Chronicles),John Whitman,4/23/2002,22 BBY,Children's Book, False, False
927,Episode IV: Star Wars (Mighty Chronicles),John Whitman,12/1/1996,0 ABY,Children's Book, False, False
930,Episode V: The Empire Strikes Back (Mighty Chronicles),John Whitman,12/1/1996,3 ABY,Children's Book, False, False
933,Episode VI: Return of the Jedi (Mighty Chronicles),John Whitman,12/1/1996,4 ABY,Children's Book, False, False
939,Escape from Jabba's Palace,Jay Rudko,3/1/1998,4 ABY,Children's Book, False, False
940,Escape from the Monster Ship: A Droid Adventure,Bonnie Bogart,6/8/1995,15 BBY,Children's Book, False, False
941,Escape Into Terror,Emily James,6/9/1995,15 BBY,Children's Book, False, False
999,Ewoks: The Battle For Endor,(Buena Vista Records/Lucasfilm),11/24/1985,3 ABY,Children's Book, False, False
1001,Exile,Aaron Allston,2/27/2007,40 ABY,Adult Novel, False, False
1006,Fall of the Diversity Alliance (Young Jedi Knights #7-11),Kevin J. Anderson |  Rebecca Moesta,1/1/1998,24 ABY,Junior Reader, False, False
1027,Force Heretic I: Remnant,Sean Williams |  Shane Dix,2/4/2003,28 ABY,Adult Novel, False, False
1028,Force Heretic II: Refugee,Sean Williams |  Shane Dix,4/29/2003,28 ABY,Adult Novel, False, False
1029,Force Heretic III: Reunion,Sean Williams |  Shane Dix,7/1/2003,28 ABY,Adult Novel, False, False
1079,Fury,Aaron Allston,11/27/2007,40 ABY,Adult Novel, False, False
1080,Fuzzy as an Ewok: Things to Touch See and Smell from the Forest Moon of Endor,Virginia Holt,4/1/1986,3 ABY,Children's Book, False, False
1084,Galactic Crisis!,Ryder Windham,4/2/2005,32 BBY-19 BBY,Children's Book, False, False
1087,Galaxies: The Ruins of Dantooine,Veronica Whitney-Robinson |  Haden Blackman,12/30/2003,1 ABY,Adult Novel, False, False
1102,Galaxy of Fear #1: Eaten Alive,John Whitman,1/1/1997,0 ABY,Junior Reader, False, False
1103,Galaxy of Fear #2: City of the Dead,John Whitman,1/1/1997,0 ABY,Junior Reader, False, False
1104,Galaxy of Fear #3: Planet Plague,John Whitman,4/1/1997,0 ABY,Junior Reader, False, False
1105,Galaxy of Fear #4: The Nightmare Machine,John Whitman,5/12/1997,0 ABY,Junior Reader, False, False
1106,Galaxy of Fear #5: Ghost of the Jedi,John Whitman,7/7/1997,0 ABY,Junior Reader, False, False
1107,Galaxy of Fear #6: Army of Terror,John Whitman,9/8/1997,0 ABY,Junior Reader, False, False
1108,Galaxy of Fear #7: The Brain Spiders,John Whitman,11/10/1997,0 ABY,Junior Reader, False, False
1109,Galaxy of Fear #8: The Swarm,John Whitman,1/12/1998,0 ABY,Junior Reader, False, False
1110,Galaxy of Fear #9: Spore,John Whitman,3/9/1998,1 ABY,Junior Reader, False, False
1111,Galaxy of Fear #10: The Doomsday Ship,John Whitman,5/11/1998,1 ABY,Junior Reader, False, False
1112,Galaxy of Fear #11: Clones,John Whitman,8/1/1998,1 ABY,Junior Reader, False, False
1113,Galaxy of Fear #12: The Hunger,John Whitman,9/8/1998,1 ABY,Junior Reader, False, False
1132,General Jar Jar,Lara Bergen,12/1/1999,32 BBY,Children's Book, False, False
1141,Gungan Trouble!,Liza Baker,6/1/2000,32 BBY,Children's Book, False, False
1146,Han Solo and the Lost Legacy,Brian Daley,8/12/1980,1 BBY,Adult Novel, False, False
1147,Han Solo At Stars' End,Brian Daley,4/1/1979,2 BBY,Adult Novel, False, False
1159,Han Solo: Rebel Hero,John Whitman,6/1/1998,0 ABY,Children's Book, False, False
1162,Han Solo's Rescue Mission,John Whitman,3/1/1998,1 ABY,Children's Book, False, False
1163,Han Solo's Revenge,Brian Daley,10/12/1979,2 BBY,Adult Novel, False, False
1168,Hard Merchandise,K.W. Jeter,7/6/1999,0 ABY / 4 ABY,Adult Novel, False, False
1169,Heir to the Empire,Timothy Zahn,5/1/1991,9 ABY,Adult Novel, False, False
1181,Heroes and Villains Coloring Book,Jesus Redondo | Michelle Knudsen,4/25/1999,32 BBY,Children's Book, False, False
1183,Heroes in Hiding,Ken Steacy,6/18/1995,0 BBY,Children's Book, False, False
1187,How the Ewoks Saved the Trees: An Old Ewok Legend,James Howe,3/12/1984,3 ABY,Children's Book, False, False
1192,I Am a Bounty Hunter,Kerry Milliron,10/1/2002,22 BBY,Children's Book, False, False
1204,I Want to Be a Jedi,Simon Beecroft,8/20/2007,32 BBY-4 ABY,Children's Book, False, False
1205,I Jedi,Michael Stackpole,5/4/1998,11 ABY,Adult Novel, False, False
1207,Imperial Commando: 501st,Karen Traviss,10/27/2009,19 BBY,Adult Novel, False, False
1215,Inferno,Troy Denning,8/28/2007,40 ABY,Adult Novel, False, False
1222,Introducing Darth Vader,Unknown Author,9/1/1997,0 ABY,Children's Book, False, False
1223,Introducing Han Solo,Unknown Author,9/1/1997,0 ABY,Children's Book, False, False
1224,Introducing Luke Skywalker,Unknown Author,9/1/1997,0 ABY,Children's Book, False, False
1225,Introducing Princess Leia,Unknown Author,9/1/1997,0 ABY,Children's Book, False, False
1247,Invincible,Troy Denning,5/13/2008,41 ABY,Adult Novel, False, False
1253,Jabba's Palace Pop-up Book,Kevin J. Anderson and Rebecca Moesta,10/1/1996,3 ABY,Children's Book, False, False
1255,Jango Fett: Bounty Hunter,Eric Arnold,4/23/2002,22 BBY,Children's Book, False, False
1261,Jar Jar Binks,Kerry Milliron,5/3/1999,32 BBY,Children's Book, False, False
1262,Jar Jar's Mistake,Nancy Krulik,5/11/1999,32 BBY,Children's Book, False, False
1278,Jedi Apprentice 01: The Rising Force,Dave Wolverton,5/3/1999,45 BBY,Junior Reader, False, False
1279,Jedi Apprentice 02: The Dark Rival,Jude Watson,6/1/1999,45 BBY,Junior Reader, False, False
1280,Jedi Apprentice 03: The Hidden Past,Jude Watson,8/1/1999,44 BBY,Junior Reader, False, False
1281,Jedi Apprentice 04: The Mark of the Crown,Jude Watson,10/1/1999,44 BBY,Junior Reader, False, False
1282,Jedi Apprentice 05: The Defenders of the Dead,Jude Watson,12/1/1999,44 BBY,Junior Reader, False, False
1283,Jedi Apprentice 06: The Uncertain Path,Jude Watson,2/1/2000,44 BBY,Junior Reader, False, False
1284,Jedi Apprentice 07: The Captive Temple,Jude Watson,4/1/2000,44 BBY,Junior Reader, False, False
1285,Jedi Apprentice 08: The Day of Reckoning,Jude Watson,6/1/2000,44 BBY,Junior Reader, False, False
1286,Jedi Apprentice 09: The Fight for Truth,Jude Watson,8/1/2000,43 BBY,Junior Reader, False, False
1287,Jedi Apprentice 10: The Shattered Peace,Jude Watson,10/1/2000,43 BBY,Junior Reader, False, False
1288,Jedi Apprentice 11: The Deadly Hunter,Jude Watson,12/1/2000,42 BBY,Junior Reader, False, False
1289,Jedi Apprentice 12: The Evil Experiment,Jude Watson,2/1/2000,42 BBY,Junior Reader, False, False
1290,Jedi Apprentice 13: The Dangerous Rescue,Jude Watson,4/1/2001,42 BBY,Junior Reader, False, False
1291,Jedi Apprentice 14: The Ties That Bind,Jude Watson,8/1/2001,41 BBY,Junior Reader, False, False
1292,Jedi Apprentice 15: The Death of Hope,Jude Watson,10/1/2001,41 BBY,Junior Reader, False, False
1293,Jedi Apprentice 16: The Call to Vengeance,Jude Watson,12/1/2001,41 BBY,Junior Reader, False, False
1294,Jedi Apprentice 17: The Only Witness,Jude Watson,2/1/2002,41 BBY,Junior Reader, False, False
1295,Jedi Apprentice 18: The Threat Within,Jude Watson,3/1/2002,40 BBY,Junior Reader, False, False
1296,Jedi Apprentice Special Edition #1: Deceptions,Jude Watson,7/1/2001,41 BBY - 29 BBY,Junior Reader, False, False
1297,Jedi Apprentice Special Edition #2: The Followers,Jude Watson,4/1/2002,40 BBY - 29 BBY,Junior Reader, False, False
1303,Jedi Dawn (Lost Jedi Adventure Game Book),Paul Cockburn,9/30/1993,2 weeks before Episode IV,Junior Reader, False, False
1304,Jedi Escape,Liza Baker,4/1/2000,32 BBY,Children's Book, False, False
1322,Jedi Quest #1: The Way of the Apprentice,Jude Watson,4/23/2002,28 BBY,Junior Reader, False, False
1324,Jedi Quest #2: The Trail of the Jedi,Jude Watson,4/23/2002,27 BBY,Junior Reader, False, False
1326,Jedi Quest #3: The Dangerous Games,Jude Watson,8/1/2002,27 BBY,Junior Reader, False, False
1328,Jedi Quest #4: The Master of Disguise,Jude Watson,11/1/2002,27 BBY,Junior Reader, False, False
1329,Jedi Quest #5: The School of Fear,Jude Watson,2/1/2003,26 BBY,Junior Reader, False, False
1330,Jedi Quest #6: The Shadow Trap,Jude Watson,5/1/2003,26 BBY,Junior Reader, False, False
1331,Jedi Quest #7: The Moment of Truth,Jude Watson,11/1/2003,26 BBY,Junior Reader, False, False
1332,Jedi Quest #8: The Changing of the Guard,Jude Watson,3/1/2004,25 BBY,Junior Reader, False, False
1333,Jedi Quest #9: The False Peace,Jude Watson,7/1/2004,25 BBY,Junior Reader, False, False
1334,Jedi Quest #10: The Final Showdown,Jude Watson,11/1/2004,25 BBY,Junior Reader, False, False
1335,Jedi Quest: Path to Truth,Jude Watson,9/1/2001,28 BBY,Junior Reader, False, False
1336,Jedi Search,Kevin J. Anderson,2/1/1994,11 ABY,Adult Novel, False, False
1337,Jedi Shadow (Young Jedi Knights #1-3),Kevin J. Anderson |  Rebecca Moesta,4/1/2002,23 ABY,Junior Reader, False, False
1339,Jedi Sunrise (Young Jedi Knights #4-6),Kevin J. Anderson |  Rebecca Moesta,12/1/2003,23 ABY,Junior Reader, False, False
1341,Jedi Trial,David Sherman |  Dan Cragg,10/26/2004,20 BBY,Adult Novel, False, False
1368,Journey Through Space,Ryder Windham,5/16/2005,0 ABY,Children's Book, False, False
1369,Journey to Mos Eisley,Jay Rudko,3/1/1998,0 ABY,Children's Book, False, False
1370,Junior Jedi Knights #1: The Golden Globe,Nancy Richardson,10/1/1995,22 ABY,Junior Reader, False, False
1371,Junior Jedi Knights #2: Lyric's World,Nancy Richardson,1/1/1996,22 ABY,Junior Reader, False, False
1372,Junior Jedi Knights #3: Promises,Nancy Richardson,4/1/1996,22 ABY,Junior Reader, False, False
1373,Junior Jedi Knights #4: Anakin's Quest,Rebecca Moesta,5/1/1997,22 ABY,Junior Reader, False, False
1374,Junior Jedi Knights #5: Vader's Fortress,Rebecca Moesta,7/1/1995,22 ABY,Junior Reader, False, False
1375,Junior Jedi Knights #6: Kenobi's Blade,Rebecca Moesta,9/1/1997,22 ABY,Junior Reader, False, False
1393,Kenobi,John Jackson Miller,8/27/2013,19 BBY,Adult Novel, False, False
1394,Knight Errant,John Jackson Miller,1/25/2011,1032 BBY,Adult Novel, False, False
1482,Labyrinth of Evil,James Luceno,1/25/2005,19 BBY,Adult Novel, False, False
1483,Lando Calrissian and the Flamewind of Oseon,L. Neil Smith,9/12/1983,3 BBY,Adult Novel, False, False
1484,Lando Calrissian and the Mindharp of Sharu,L. Neil Smith,6/12/1983,4 BBY,Adult Novel, False, False
1485,Lando Calrissian and the Starcave of ThonBoka,L. Neil Smith,11/12/1983,3 BBY,Adult Novel, False, False
1578,Legacy of the Jedi,Jude Watson,8/1/2003,89 BBY - 22 BBY,Junior Reader, False, False
1579,Legacy of the Jedi / Secrets of the Jedi Omnibus,Jude Watson,5/1/2006,89 BBY - 20 BBY,Junior Reader, False, False
1666,Lost Tribe of the Sith: The Collected Stories,John Jackson Miller,7/24/2012,5000 BBY- 2975 BBY,Adult Novel, False, False
1668,Luke Skywalker and the Shadows of Mindor,Matthew Stover,12/30/2008,5 ABY,Adult Novel, False, False
1669,Luke Skywalker's Activity Book,James Razzi,3/1/1979,1 ABY,Children's Book, False, False
1670,Luke Skywalker's Race Against Time,John Whitman,3/1/1998,1 ABY,Children's Book, False, False
1672,Luke's Fate,Jim Thomas,10/15/1996,0 ABY,Children's Book, False, False
1688,Maul: Lockdown,Joe Schreiber,1/28/2014,33 BBY,Adult Novel, False, False
1689,MedStar I: Battle Surgeons,Michael Reaves |  Steve Perry,6/29/2004,20 BBY,Adult Novel, False, False
1690,MedStar II: Jedi Healer,Michael Reaves |  Steve Perry,9/28/2004,20 BBY,Adult Novel, False, False
1692,Meet the Jedi High Council,Laura Downer,7/1/2000,32 BBY,Children's Book, False, False
1693,Meltdown on Hoth,Jane Mason,7/1/1998,3 ABY,Children's Book, False, False
1696,Millennium Falcon,James Luceno,10/21/2008,60 BBY - 43 ABY,Adult Novel, False, False
1700,Mission from Mount Yoda,Paul |  Hollace Davids,1/1/1993,5 ABY,Junior Reader, False, False
1720,Obi-Wan's Bongo Adventure,Gail Herman,11/1/1999,32 BBY,Children's Book, False, False
1721,Obi-Wan's Foe,Jane Mason and Sarah Stephens,4/2/2005,32 BBY,Children's Book, False, False
1729,Omen,Christie Golden,6/23/2009,43 ABY,Adult Novel, False, False
1767,Order 66: A Republic Commando Novel,Karen Traviss,9/16/2008,19 BBY,Adult Novel, False, False
1771,Outbound Flight,Timothy Zahn,1/31/2006,27 BBY,Adult Novel, False, False
1772,Outcast,Aaron Allston,3/24/2009,43 ABY,Adult Novel, False, False
1779,Planet of Twilight,Barbara Hambly,3/31/1997,13 ABY,Adult Novel, False, False
1786,Podrace!,Lara Bergen,10/1/1999,32 BBY,Children's Book, False, False
1837,Princess Leia: Rebel Leader,Ken Steacy,9/1/1997,0 BBY - 4 ABY,Children's Book, False, False
1840,Prophets of the Dark Side,Paul |  Hollace Davids,4/1/1993,5 ABY,Junior Reader, False, False
1847,Queen in Disguise,Monica Kulling,3/28/2000,32 BBY,Children's Book, False, False
1848,Queen of the Empire,Paul |  Hollace Davids,3/1/1993,5 ABY,Junior Reader, False, False
1856,R2-D2 and C-3PO: Droid Duo,Ken Steacy,9/1/1997,0 ABY,Children's Book, False, False
1859,R2-D2's Mission: A Little Hero's Journey,Jane Paley,9/1/1997,0 ABY,Children's Book, False, False
1861,Ready Set Podrace!,Simon Beecroft,9/17/2007,32 BBY,Children's Book, False, False
1864,Rebel Dawn,A.C. Crispin,3/9/1998,2 BBY - 0 BBY,Adult Novel, False, False
1865,Rebel Force #1: Target,Alex Wheeler,12/2/2008,0 ABY,Junior Reader, False, False
1866,Rebel Force #2: Hostage,Alex Wheeler,1/1/2009,0 ABY,Junior Reader, False, False
1867,Rebel Force #3: Renegade,Alex Wheeler,5/1/2009,0 ABY,Junior Reader, False, False
1868,Rebel Force #4: Firefight,Alex Wheeler,9/1/2009,0 ABY,Junior Reader, False, False
1869,Rebel Force #5: Trapped,Alex Wheeler,1/1/2010,0 ABY,Junior Reader, False, False
1870,Rebel Force #6: Uprising,Alex Wheeler,5/1/2010,0 ABY,Junior Reader, False, False
2001,Recovery,Troy Denning,12/3/2001,26 ABY,Short Story, False, False
2002,Red Harvest,Joe Schreiber,12/28/2010,3645 BBY,Adult Novel, False, False
2090,Republic Commando: Hard Contact,Karen Traviss,10/26/2004,22 BBY,Adult Novel, False, False
2091,Republic Commando: Triple Zero,Karen Traviss,2/28/2006,21 BBY,Adult Novel, False, False
2092,Republic Commando: True Colors,Karen Traviss,10/30/2007,21 BBY,Adult Novel, False, False
2165,Return of the Jedi Coloring Book (1983),Unknown Author,1/1/1983,4 ABY,Children's Book, False, False
2166,Return of the Jedi Coloring Book (1984),Unknown Author,1/1/1984,4 ABY,Children's Book, False, False
2170,Return of the Jedi Step-Up Movie Adventure,Elizabeth Levy,8/24/2004,4 ABY,Children's Book, False, False
2171,Return of the Jedi Storybook,Joan D. Vinge,5/12/1983,4 ABY,Children's Book, False, False
2172,Return of the Jedi: A Storybook,J.J. Gardner,3/13/1997,4 ABY,Children's Book, False, False
2174,Return of the Jedi: Han Solo's Rescue,Kay Carrol,10/1/1983,4 ABY,Children's Book, False, False
2177,Revelation,Karen Traviss,2/26/2008,41 ABY,Adult Novel, False, False
2180,Revenge of the Sith Ultimate Sticker Book,(DK Publishing),4/2/2005,4 ABY,Children's Book, False, False
2189,Riptide,Paul S. Kemp,10/25/2011,41 ABY,Adult Novel, False, False
2192,Rise of the Shadow Academy (Young Jedi Knights #1-6),Kevin J. Anderson |  Rebecca Moesta,8/1/1996,23 ABY,Junior Reader, False, False
2217,Rogue Planet,Greg Bear,5/2/2000,29 BBY,Adult Novel, False, False
2246,Sacrifice,Karen Traviss,5/29/2007,40 ABY,Adult Novel, False, False
2247,Save Naboo!,Gail Herman,1/1/2000,32 BBY,Children's Book, False, False
2250,Scoundrels,Timothy Zahn,1/1/2013,0 ABY,Adult Novel, False, False
2251,Scourge,Jeff Grubb,4/24/2012,19 ABY,Adult Novel, False, False
2257,Secrets of the Jedi,Jude Watson,3/1/2005,20 BBY,Junior Reader, False, False
2265,Shadow Games,Michael Reaves and Maya Kaathryn Bohnhoff,11/29/2011,1 BBY,Adult Novel, False, False
2268,Shadows of the Empire,Steve Perry,5/1/1996,3 ABY,Adult Novel, False, False
2272,Shadows Of The Empire (junior novelization),Christopher Golden,10/1/1996,3 ABY,Junior Reader, False, False
2293,Shatterpoint,Matthew Stover,6/3/2003,22 BBY,Adult Novel, False, False
2294,Shield of Lies,Michael P. Kube-McDowell,8/1/1996,16 ABY,Adult Novel, False, False
2295,Shiny as a Droid,Virginia Holt,4/12/1986,4 ABY,Children's Book, False, False
2297,Showdown at Centerpoint,Roger MacBride Allen,9/1/1995,18 ABY,Adult Novel, False, False
2298,Sith Attack,Lara Bergen,2/1/2000,32 BBY,Children's Book, False, False
2300,Slave Ship,K.W. Jeter,10/6/1998,0 ABY / 4 ABY,Adult Novel, False, False
2317,Specter of the Past,Timothy Zahn,11/3/1997,19 ABY,Adult Novel, False, False
2319,Splinter of the Mind's Eye,Alan Dean Foster,2/12/1978,2 ABY,Adult Novel, False, False
2329,Star by Star,Troy Denning,10/30/2001,27 ABY,Adult Novel, False, False
2723,Star Wars Episode I: Anakin's Race for Freedom,Alice Alfonsi,4/25/1999,32 BBY,Children's Book, False, False
2724,Star Wars Episode I: I Am a Droid,Marc Cerasini,5/3/1999,32 BBY,Children's Book, False, False
2725,Star Wars Episode I: I Am a Jedi,Marc Cerasini,4/25/1999,32 BBY,Children's Book, False, False
2726,Star Wars Episode I: I Am a Pilot,Marc Cerasini,3/28/2000,32 BBY,Children's Book, False, False
2727,Star Wars Episode I: I Am a Queen,Alice Alfonsi,3/28/2000,32 BBY,Children's Book, False, False
2729,Star Wars Episode I: The Phantom Menace,Terry Brooks,4/21/1999,32 BBY,Adult Novel, False, False
2730,Star Wars Episode I: The Phantom Menace (YA),Patricia Wrede,5/3/1999,32 BBY,YA Novel, False, False
2731,Star Wars Episode I: Watch Out Jar Jar!,Kerry Milliron,4/25/1999,32 BBY,Children's Book, False, False
2732,Star Wars Episode II: Attack of the Clones,R.A. Salvatore,4/23/2002,22 BBY,Adult Novel, False, False
2733,Star Wars Episode II: Attack of the Clones (YA),Patricia Wrede,4/23/2002,22 BBY,YA Novel, False, False
2735,Star Wars Episode III: Revenge of the Sith,Matthew Stover,4/2/2005,19 BBY,Adult Novel, False, False
2736,Star Wars Episode III: Revenge of the Sith (YA),Patricia Wrede,4/2/2005,19 BBY,YA Novel, False, False
2737,Star Wars Episode IV: A New Hope,Alan Dean Foster (Credited as George Lucas),11/12/1976,0 BBY,Adult Novel, False, False
2740,Star Wars Episode V: The Empire Strikes Back,Donald F. Glut,4/12/1980,3 ABY,Adult Novel, False, False
2741,Star Wars Episode V: The Empire Strikes Back (YA),Ryder Windham,10/1/2004,3 ABY,YA Novel, False, False
2742,Star Wars Episode VI: Return of the Jedi,James Kahn,5/12/1983,4 ABY,Adult Novel, False, False
2783,Star Wars Journal: Captive to Evil,Jude Watson,7/1/1998,0 BBY,Junior Reader, False, False
2784,Star Wars Journal: Hero for Hire,Donna Tauscher,7/1/1998,4 ABY,Junior Reader, False, False
2785,Star Wars Journal: The Fight for Justice,John Peel,7/1/1998,0 BBY,Junior Reader, False, False
2809,Star Wars Missions 1: Assault on Yavin Four,Ryder Windham,9/1/1997,0 ABY,Junior Reader, False, False
2810,Star Wars Missions 2: Escape from Thyferra,Ryder Windham,10/1/1997,0 ABY,Junior Reader, False, False
2811,Star Wars Missions 3: Attack on Delrakkin,Ryder Windham,11/1/1997,0 ABY,Junior Reader, False, False
2812,Star Wars Missions 4: Destroy the Liquidator,Ryder Windham,12/1/1997,0 ABY,Junior Reader, False, False
2813,Star Wars Missions 5: The Hunt for Han Solo,Dave Wolverton,1/1/1998,0 ABY,Junior Reader, False, False
2814,Star Wars Missions 6: The Search for Grubba the Hutt,Dave Wolverton,2/1/1998,0 ABY,Junior Reader, False, False
2815,Star Wars Missions 7: Ithorian Invasion,Dave Wolverton,3/1/1998,0 ABY,Junior Reader, False, False
2816,Star Wars Missions 8: Togorian Trap,Dave Wolverton,4/1/1998,0 ABY,Junior Reader, False, False
2817,Star Wars Missions 9: Revolt of the Battle Droids,Ryder Windham,5/1/1998,0 ABY,Junior Reader, False, False
2818,Star Wars Missions 10: Showdown in Mos Eisley,Ryder Windham,6/1/1998,0 ABY,Junior Reader, False, False
2819,Star Wars Missions 11: Bounty Hunters vs. Battle Droids,Ryder Windham,7/1/1998,0 ABY,Junior Reader, False, False
2820,Star Wars Missions 12: The Vactooine Disaster,Ryder Windham,8/1/1998,0 ABY,Junior Reader, False, False
2821,Star Wars Missions 13: Prisoner of the Nikto Pirates,Dave Wolverton,9/1/1998,2 ABY,Junior Reader, False, False
2822,Star Wars Missions 14: The Monsters of Dweem,Dave Wolverton,10/1/1998,2 ABY,Junior Reader, False, False
2823,Star Wars Missions 15: Voyage to the Underworld,Dave Wolverton,11/1/1998,2 ABY,Junior Reader, False, False
2824,Star Wars Missions 16: Imperial Jailbreak,Dave Wolverton,12/1/1998,2 ABY,Junior Reader, False, False
2825,Star Wars Missions 17: Darth Vader's Return,Ryder Windham,1/1/1999,0 ABY,Junior Reader, False, False
2826,Star Wars Missions 18: Rogue Squadron to the Rescue,Ryder Windham,2/1/1999,0 ABY,Junior Reader, False, False
2827,Star Wars Missions 19: Bounty on Bonadan,Ryder Windham,3/1/1999,0 ABY,Junior Reader, False, False
2828,Star Wars Missions 20: Total Destruction,Ryder Windham,4/1/1999,0 ABY,Junior Reader, False, False
2865,Star Wars Science Adventures: Emergency in Escape Pod Four,Jude Watson |  K.D. Burkett,2/1/1999,0 ABY,Junior Reader, False, False
2866,Star Wars Science Adventures: Journey Across Planet X,Jude Watson |  K.D. Burkett,2/1/1999,0 ABY,Junior Reader, False, False
2925,Star Wars: A Pop-Up Book,Douglas Barlowe,5/1/1978,0 ABY,Children's Book, False, False
2927,Star Wars: A Storybook,J.J. Gardner,1/13/1987,0 ABY,Children's Book, False, False
2928,Star Wars: Attack of the Clones Movie Storybook,Jane B. Mason and Sarah Hines-Stephens,4/1/2002,22 BBY,Children's Book, False, False
2933,Star Wars: Colouring Book (Prequels),(Alligator Books),9/1/2011,32 BBY - 19 BBY,Children's Book, False, False
2950,Star Wars: Return of the Jedi pop-up book,John Gampert,10/1/1983,4 ABY,Children's Book, False, False
2953,Star Wars: Revenge of the Sith: The Movie Storybook,Alice Alfonsi,4/2/2005,19 BBY,Children's Book, False, False
2959,Star Wars: The Clone Wars,Karen Traviss,7/26/2008,22 BBY,Adult Novel, False, False
2964,Star Wars: The Complete Saga,Jason Fry,11/1/2012,32 BBY - 4 ABY,Children's Book, False, False
2982,Star Wars: The Star Wars Storybook,Geraldine Richelson,4/12/1978,0 ABY,Children's Book, False, False
3002,Sun Star Against Shadow Stone,(Dragon Picture Books/Lucasfilm),9/24/1987,3 ABY,Children's Book, False, False
3004,Survivor's Quest,Timothy Zahn,2/3/2004,22 ABY,Adult Novel, False, False
3010,Tales from Jabba's Palace,Various Authors,12/1/1995,4 ABY,Adult Novel, False, False
3013,Tales from the Empire,Various Authors,11/3/1997,5 BBY - 10 ABY,Adult Novel, False, False
3015,Tales from the Mos Eisley Cantina,Various Authors,7/1/1995,4 BBY - 4 ABY,Adult Novel, False, False
3016,Tales from the New Republic,Various Authors,12/1/1999,0 BBY - 18 ABY,Adult Novel, False, False
3017,Tales of the Bounty Hunters,Various Authors,12/1/1996,3 ABY,Adult Novel, False, False
3071,Tatooine Ghost,Troy Denning,3/4/2003,8 ABY,Adult Novel, False, False
3073,Tempest,Troy Denning,11/28/2006,40 ABY,Adult Novel, False, False
3080,The Adventures of Teebo: A Tale of Magic and Suspense,Joe Johnston,5/12/1984,3 ABY,Children's Book, False, False
3083,The Approaching Storm,Alan Dean Foster,1/29/2002,22 BBY,Adult Novel, False, False
3107,The Baby Ewoks' Picnic Surprise,Melinda Luke,6/28/1984,3 ABY,Children's Book, False, False
3114,The Bounty Hunter (Lost Jedi Adventure Game Book),Paul Cockburn,1/27/1994,2 ABY,Junior Reader, False, False
3120,The Cestus Deception,Steven Barnes,6/1/2004,21 BBY,Adult Novel, False, False
3272,The Clone Wars Ultimate Battles Sticker Collection,Heather Scott,10/1/2009,22 BBY - 19 BBY,Children's Book, False, False
3273,The Clone Wars Ultimate Sticker Book,Simon Beecroft,7/26/2008,22 BBY - 19 BBY,Children's Book, False, False
3274,The Clone Wars: A Jedi Adventure in 3D,Pablo Hidalgo,4/14/2011,20 BBY,Children's Book, False, False
3275,The Clone Wars: Ackbar's Underwater Army,Simon Beecroft,4/30/2012,20 BBY,Children's Book, False, False
3277,The Clone Wars: Ambush,Zachary Rau,2/5/2009,22 BBY,Children's Book, False, False
3278,The Clone Wars: Anakin in Action!,Simon Beecroft,7/26/2008,22 BBY,Children's Book, False, False
3280,The Clone Wars: Battle At Teth,Kirsten Mayer,7/26/2008,22 BBY,Children's Book, False, False
3281,The Clone Wars: Bombad Jedi,Rob Valois,2/5/2009,22 BBY,Children's Book, False, False
3282,The Clone Wars: Bounty Hunter: Boba Fett,Jason Fry,5/13/2010,22 BBY,Children's Book, False, False
3283,The Clone Wars: Captured,Rob Valois,7/23/2009,22 BBY,Children's Book, False, False
3284,The Clone Wars: Chewbacca And The Wookiee Warriors,Simon Beecroft,4/30/2012,20 BBY,Children's Book, False, False
3285,The Clone Wars: Children Of The Force,Kirsten Mayer,4/1/2010,22 BBY,Children's Book, False, False
3290,The Clone Wars: Decide Your Destiny: Crisis on Coruscant,Jonathan Green,1/28/2010,22 BBY,Junior Reader, False, False
3291,The Clone Wars: Decide Your Destiny: Dooku's Secret Army,Sue Behrent,1/28/2010,21 BBY,Junior Reader, False, False
3292,The Clone Wars: Decide Your Destiny: Tethan Battle Adventure,Sue Behrent,7/1/2009,22 BBY,Junior Reader, False, False
3293,The Clone Wars: Decide Your Destiny: The Lost Legion,Tracey West,7/23/2009,21 BBY,Junior Reader, False, False
3294,The Clone Wars: Decide Your Destiny: The Way of the Jedi,Jake Forbes,10/7/2008,22 BBY,Junior Reader, False, False
3296,The Clone Wars: Defenders Of The Republic,Rob Valois,10/7/2010,21 BBY,Junior Reader, False, False
3298,The Clone Wars: Destroy Malevolence,Kirsten Mayer,6/29/2009,22 BBY,Children's Book, False, False
3300,The Clone Wars: Don't Wake The Zillo Beast,Jon Richards,4/18/2011,22 BBY,Children's Book, False, False
3301,The Clone Wars: Downfall Of A Droid,Kirsten Mayer,6/29/2009,22 BBY,Children's Book, False, False
3302,The Clone Wars: Follow The Force,Rob Valois,8/4/2011,22 BBY,Children's Book, False, False
3303,The Clone Wars: Grievous Attacks!,Rob Valois | Tracy West | Veronica Wasserman,2/5/2009,22 BBY,Junior Reader, False, False
3309,The Clone Wars: Jar Jar's Big Day,Rob Valois,3/5/2009,22 BBY,Children's Book, False, False
3310,The Clone Wars: Legacy Of Terror,Kirsten Mayer,7/1/2010,22 BBY,Children's Book, False, False
3312,The Clone Wars: Meet Ahsoka Tano,Kirsten Mayer,10/2/2008,22 BBY,Children's Book, False, False
3315,The Clone Wars: No Prisoners,Karen Traviss,5/19/2009,22 BBY,Adult Novel, False, False
3316,The Clone Wars: Operation: Huttlet,Steele Filipek,10/7/2008,22 BBY,Children's Book, False, False
3317,The Clone Wars: Pirates...And Worse!,Simon Beecroft,12/7/2009,22 BBY,Children's Book, False, False
3320,The Clone Wars: R2 To The Rescue,Rob Valois,1/11/2011,21 BBY,Children's Book, False, False
3321,The Clone Wars: R2-D2's Adventure,Kirsten Mayer,3/5/2009,22 BBY,Children's Book, False, False
3324,The Clone Wars: Secret Missions 1: Breakout Squad,Ryder Windham,9/3/2009,22 BBY,Junior Reader, False, False
3325,The Clone Wars: Secret Missions 2: Curse of the Black Hole Pirates,Ryder Windham,7/22/2010,22 BBY,Junior Reader, False, False
3326,The Clone Wars: Secret Missions 3: Duel at Shattered Rock,Ryder Windham,3/3/2011,22 BBY,Junior Reader, False, False
3327,The Clone Wars: Secret Missions 4: Guardians of the Chiss Key,Ryder Windham,3/15/2012,22 BBY,Junior Reader, False, False
3332,The Clone Wars: Sticker Coloring and Activity,(Dalmation Press),6/15/2008,22 BBY - 19 BBY,Children's Book, False, False
3336,The Clone Wars: The Battle For Ryloth,Zachary Rau,7/23/2009,22 BBY,Children's Book, False, False
3343,The Clone Wars: The Holocron Heist,Rob Valois,9/3/2009,22 BBY,Children's Book, False, False
3344,The Clone Wars: The Hunt For Grievous,Chris Cerasi,7/22/2010,22 BBY,Children's Book, False, False
3345,The Clone Wars: The New Padawan,Eric Stevens,7/26/2008,22 BBY,Children's Book, False, False
3346,The Clone Wars: The Secret Villain,Rob Valois,1/19/2012,20 BBY,Children's Book, False, False
3354,The Clone Wars: Warriors Of The Deep,Rob Valois,10/27/2011,20 BBY,Junior Reader, False, False
3355,The Clone Wars: Watch Out for Jabba the Hutt!,Simon Beecroft,7/26/2008,22 BBY,Children's Book, False, False
3356,The Clone Wars: Wild Space,Karen Miller,12/9/2008,22 BBY,Adult Novel, False, False
3357,The Clone Wars: Yoda In Action,Heather Scott,2/16/2009,22 BBY,Children's Book, False, False
3365,The Courtship of Princess Leia,Dave Wolverton,4/1/1994,8 ABY,Adult Novel, False, False
3366,The Crystal Star,Vonda N. McIntyre,12/1/1994,14 ABY,Adult Novel, False, False
3370,The Death Star,John Whitman,3/1/1997,0 BBY,Children's Book, False, False
3377,The Empire Strikes Back Coloring Book (1980),Unknown Author,4/1/1980,3 ABY,Children's Book, False, False
3378,The Empire Strikes Back Coloring Book (1982),Unknown Author,4/1/1982,3 ABY,Children's Book, False, False
3381,The Empire Strikes Back Pop-Up Book,Patricia Wynne,1/1/1980,3 ABY,Children's Book, False, False
3383,The Empire Strikes Back Storybook,Shep Steneman,4/12/1982,3 ABY,Children's Book, False, False
3384,The Empire Strikes Back: A Storybook,J.J. Gardner,3/13/1997,3 ABY,Children's Book, False, False
3401,The Ewok Adventure (Caravan of Courage),(Buena Vista Records/Lucasfilm),11/25/1984,3 ABY,Children's Book, False, False
3402,The Ewok Who Was Afraid: An Ewok Adventure,Helena Clare Pittman,1/1/1986,3 ABY,Children's Book, False, False
3403,The Ewoks and the Lost Children,Amy Ehrlich,12/3/1985,3 ABY,Children's Book, False, False
3404,The Ewoks Save the Day,Kay Carroll,10/1/1983,4 ABY,Children's Book, False, False
3405,The Ewoks' Hang-Gliding Adventure,Jane Herbstman,6/28/1984,3 ABY,Children's Book, False, False
3411,The Final Prophecy,Greg Keyes,9/30/2003,29 ABY,Adult Novel, False, False
3436,The Force Unleashed,Sean Williams,8/19/2008,2 BBY,Adult Novel, False, False
3439,The Force Unleashed II,Sean Williams,10/5/2010,1 BBY,Adult Novel, False, False
3442,The Further Adventures: Droid World,Archie Goodwin,6/5/1995,3 ABY,Children's Book, False, False
3443,The Further Adventures: Planet of the Hoojibs,David Michelinie,4/1/1983,3 ABY,Children's Book, False, False
3450,The Glove of Darth Vader,Paul |  Hollace Davids,6/1/1992,5 ABY,Junior Reader, False, False
3451,The Greatest Battles,John Whitman,5/1/1998,0 BBY - 4 ABY,Children's Book, False, False
3453,The Han Solo Adventures,Brian Daley,4/22/1992,2 BBY - 1 BBY,Adult Novel, False, False
3454,The Haunted Village,(Dragon Picture Books/Lucasfilm),9/24/1987,3 ABY,Children's Book, False, False
3469,The Hive,Steven Barnes,5/27/2004,21 BBY,Short Story, False, False
3470,The Hoth Adventure,Jay Rudko,2/1/1998,3 ABY,Children's Book, False, False
3471,The Hutt Gambit,A.C. Crispin,8/11/1997,5 BBY - 4 BBY,Adult Novel, False, False
3480,The Joiner King,Troy Denning,7/26/2005,35 ABY,Adult Novel, False, False
3487,The Lando Calrissian Adventures,L. Neil Smith,6/1/1994,4 BBY - 3 BBY,Adult Novel, False, False
3488,The Last Command,Timothy Zahn,4/1/1993,9 ABY,Adult Novel, False, False
3497,The Last Jedi,Michael Reaves,2/26/2013,18 BBY,Adult Novel, False, False
3514,The Last of the Jedi #1: The Desperate Mission,Jude Watson,5/1/2005,19 BBY,Junior Reader, False, False
3515,The Last of the Jedi #2: Dark Warning,Jude Watson,9/1/2005,19 BBY,Junior Reader, False, False
3516,The Last of the Jedi #3: Underworld,Jude Watson,12/1/2005,19 BBY,Junior Reader, False, False
3517,The Last of the Jedi #4: Death on Naboo,Jude Watson,4/1/2006,19 BBY,Junior Reader, False, False
3518,The Last of the Jedi #5: A Tangled Web,Jude Watson,7/1/2006,19 BBY,Junior Reader, False, False
3519,The Last of the Jedi #6: Return of the Dark Side,Jude Watson,11/17/2006,19 BBY,Junior Reader, False, False
3520,The Last of the Jedi #7: Secret Weapon,Jude Watson,3/1/2007,19 BBY,Junior Reader, False, False
3521,The Last of the Jedi #8: Against the Empire,Jude Watson,10/1/2007,18 BBY,Junior Reader, False, False
3522,The Last of the Jedi #9: Master of Deception,Jude Watson,2/1/2008,18 BBY,Junior Reader, False, False
3523,The Last of the Jedi #10: Reckoning,Jude Watson,5/7/2008,18 BBY,Junior Reader, False, False
3526,The Life and Legend of Obi-Wan Kenobi,Ryder Windham,8/27/2008,44 BBY - 9 ABY,Junior Reader, False, False
3528,The Lost City of the Jedi,Paul |  Hollace Davids,6/1/1992,5 ABY,Junior Reader, False, False
3529,The Lost Prince: A Droid Adventure,Ellen Weiss,12/1/1985,15 BBY,Children's Book, False, False
3539,The Mandalorian Armor,K.W. Jeter,6/1/1998,0 ABY / 4 ABY,Adult Novel, False, False
3570,The Maverick Moon,Eleanor Ehrhardt,3/12/1979,1 ABY,Children's Book, False, False
3573,The Mixed up Droid,John Whitman (story) Ryder Windham (script),1/1/1995,8 ABY,Audio Drama, False, False
3574,The Mos Eisley Cantina Pop-Up Book,Kevin J. Anderson and Rebecca Moesta,10/1/1995,0 ABY,Children's Book, False, False
3578,The Mystery of the Rebellious Robot,Eleanor Ehrhardt,3/12/1979,4 ABY,Children's Book, False, False
3586,The New Rebellion,Kristine Kathryn Rusch,12/1/1996,17 ABY,Adult Novel, False, False
3610,The Old Republic: Annihilation,Drew Karpyshyn,11/13/2012,3640 BBY,Adult Novel, False, False
3611,The Old Republic: Deceived,Paul S. Kemp,3/22/2011,3653 BBY,Adult Novel, False, False
3613,The Old Republic: Fatal Alliance,Sean Williams,7/20/2010,3643 BBY,Adult Novel, False, False
3616,The Old Republic: Revan,Drew Karpyshyn,11/15/2011,3950 BBY,Adult Novel, False, False
3629,The Paradise Snare,A.C. Crispin,5/5/1997,10 BBY,Adult Novel, False, False
3633,The Pirates of Tarnoonga: A Droid Adventure,Ellen Weiss,6/1/1986,15 BBY,Children's Book, False, False
3642,The Queen's Amulet,Julianne Balmain,9/1/1999,32 BBY,Children's Book, False, False
3646,The Red Ghost: An Ewok Adventure,Melinda Luke,7/1/1986,3 ABY,Children's Book, False, False
3648,The Ring the Witch and the Crystal: An Ewok Adventure,Cathy East Dubowski,1/1/1986,3 ABY,Children's Book, False, False
3649,The Rise and Fall of Darth Vader,Ryder Windham,10/1/2007,38 BBY - 4 ABY,Junior Reader, False, False
3671,The Shadow Stone: An Ewok Adventure,Cathy East Dubowski | Paul Dini (story),4/1/1986,3 ABY,Children's Book, False, False
3692,The Swarm War,Troy Denning,12/27/2005,36 ABY,Adult Novel, False, False
3698,The Trigon Unleashed,Peter Sauder,12/10/1987,15 BBY,Children's Book, False, False
3699,The Truce at Bakura,Kathy Tyers,11/1/1993,4 ABY,Adult Novel, False, False
3703,The Ultimate Star Wars Episode I Sticker Book,David Pickering,5/1/1999,32 BBY,Children's Book, False, False
3704,The Unifying Force,James Luceno,11/4/2003,29 ABY,Adult Novel, False, False
3705,The Unseen Queen,Troy Denning,9/27/2005,36 ABY,Adult Novel, False, False
3709,The White Witch: A Droid Adventure,Emily James,12/19/1987,15 BBY,Children's Book, False, False
3711,The Wookiee Storybook,Eleanor Ehrhardt,9/12/1979,1 week,Children's Book, False, False
3712,The Wrath of Darth Maul,Ryder Windham,1/1/2012,51 BBY - 20 BBY,Junior Reader, False, False
3728,Three Cheers for Kneesaa!: An Ewok Adventure,Jane E. Gerver,6/28/1984,3 ABY,Children's Book, False, False
3737,TIE Fighter: A Pocket Manual,David West Reynolds,10/1/1996,0 ABY - 4 ABY,Children's Book, False, False
3740,To Save Deej,(Dragon Picture Books/Lucasfilm),9/24/1987,3 ABY,Children's Book, False, False
3743,Traitor,Matthew Stover,7/30/2002,27 ABY,Adult Novel, False, False
3748,Tyrant's Test,Michael P. Kube-McDowell,12/1/1996,16 ABY,Adult Novel, False, False
3751,Under Black Sun (Young Jedi Knights #12-14),Kevin J. Anderson |  Rebecca Moesta,6/1/1999,24 ABY,Junior Reader, False, False
3784,Vector Prime,R.A. Salvatore,10/5/1999,25 ABY,Adult Novel, False, False
3789,Vision of the Future,Timothy Zahn,9/1/1998,19 ABY,Adult Novel, False, False
3790,Vortex,Troy Denning,11/30/2010,44 ABY,Adult Novel, False, False
3801,Wicket and the Dandelion Warriors: An Ewok Adventure,Larry Weinberg,11/12/1985,3 ABY,Children's Book, False, False
3802,Wicket Finds a Way: An Ewok Adventure,Melinda Luke,6/28/1984,3 ABY,Children's Book, False, False
3803,Wicket Goes Fishing: An Ewok Adventure,Melinda Luke,4/1/1986,3 ABY,Children's Book, False, False
3804,Wicket's Wagon,(Dragon Picture Books/Lucasfilm),9/24/1987,3 ABY,Children's Book, False, False
3812,Winner Lose All,Timothy Zahn,12/10/2012,0 ABY,Short Story, False, False
3864,X-Wing: Iron Fist,Aaron Allston,7/6/1998,7 ABY,Adult Novel, False, False
3865,X-Wing: Isard's Revenge,Michael Stackpole,4/19/1999,9 ABY,Adult Novel, False, False
3866,X-Wing: Mercy Kill,Aaron Allston,8/7/2012,44 ABY,Adult Novel, False, False
3870,X-Wing: Rogue Squadron,Michael Stackpole,1/1/1996,6 ABY,Adult Novel, False, False
3875,X-Wing: Solo Command,Aaron Allston,2/2/1999,7 ABY,Adult Novel, False, False
3876,X-Wing: Starfighters of Adumar,Aaron Allston,8/3/1999,12 ABY,Adult Novel, False, False
3877,X-Wing: The Bacta War,Michael Stackpole,2/6/1997,7 ABY,Adult Novel, False, False
3878,X-Wing: The Krytos Trap,Michael Stackpole,10/2/1996,7 ABY,Adult Novel, False, False
3879,X-Wing: Wedge's Gamble,Michael Stackpole,5/2/1996,6 ABY,Adult Novel, False, False
3880,X-Wing: Wraith Squadron,Aaron Allston,2/2/1998,7 ABY,Adult Novel, False, False
3881,Ylesia,Walter Jon Williams,9/3/2002,28 ABY,Short Story, False, False
3884,Yoda: Dark Rendezvous,Sean Stewart,11/23/2004,20 BBY,Adult Novel, False, False
3885,Young Jedi Knights #1: Heirs of the Force,Kevin J. Anderson |  Rebecca Moesta,6/1/1995,23 ABY,Junior Reader, False, False
3886,Young Jedi Knights #2: Shadow Academy,Kevin J. Anderson |  Rebecca Moesta,9/1/1995,23 ABY,Junior Reader, False, False
3887,Young Jedi Knights #3: The Lost Ones,Kevin J. Anderson |  Rebecca Moesta,12/1/1995,23 ABY,Junior Reader, False, False
3888,Young Jedi Knights #4: Lightsabers,Kevin J. Anderson |  Rebecca Moesta,3/1/1996,23 ABY,Junior Reader, False, False
3889,Young Jedi Knights #5: Darkest Knight,Kevin J. Anderson |  Rebecca Moesta,6/1/1996,23 ABY,Junior Reader, False, False
3890,Young Jedi Knights #6: Jedi Under Siege,Kevin J. Anderson |  Rebecca Moesta,9/1/1996,23 ABY,Junior Reader, False, False
3891,Young Jedi Knights #7: Shards of Alderaan,Kevin J. Anderson |  Rebecca Moesta,1/1/1997,24 ABY,Junior Reader, False, False
3892,Young Jedi Knights #8: Diversity Alliance,Kevin J. Anderson |  Rebecca Moesta,4/1/1997,24 ABY,Junior Reader, False, False
3893,Young Jedi Knights #9: Delusions of Grandeur,Kevin J. Anderson |  Rebecca Moesta,7/1/1997,24 ABY,Junior Reader, False, False
3894,Young Jedi Knights #10: Jedi Bounty,Kevin J. Anderson |  Rebecca Moesta,10/1/1997,24 ABY,Junior Reader, False, False
3895,Young Jedi Knights #11: The Emperor's Plague,Kevin J. Anderson |  Rebecca Moesta,1/1/1998,24 ABY,Junior Reader, False, False
3896,Young Jedi Knights #12: Return to Ord Mantell,Kevin J. Anderson |  Rebecca Moesta,5/1/1998,24 ABY,Junior Reader, False, False
3897,Young Jedi Knights #13: Trouble on Cloud City,Kevin J. Anderson |  Rebecca Moesta,8/1/1998,24 ABY,Junior Reader, False, False
3898,Young Jedi Knights #14: Crisis at Crystal Reef,Kevin J. Anderson |  Rebecca Moesta,12/1/1998,24 ABY,Junior Reader, False, False
3901,Zorba the Hutt's Revenge,Paul |  Hollace Davids,6/1/1992,5 ABY,Junior Reader, False, False
4112,The Third Lesson,Paul S. Kemp,3/2/2011,3667 BBY,Short Story, False, False
4113,Smuggler's Vanguard,Robert Chestney,3/25/2010,3660 BBY,Short Story, False, False
4126,The Last Battle Of Jace Malcolm,Alexander Freed,10/1/2012,3640 BBY,Short Story, False, False
4188,Dawn Of The Jedi: Eruption,John Ostrander,4/30/2013,25793 BBY,Short Story, False, False
4189,The Tenebrous Way,Matthew Stover,12/13/2011,66 BBY,Short Story, False, False
4190,The Syrox Redemption,Joe Schreiber,12/10/2013,36 BBY,Short Story, False, False
4191,League of Spies,Aaron Allston,1/13/2004,22 BBY,Short Story, False, False
4192,The Clone Wars: The Pengalan Tradeoff,Aaron Allston,1/21/2003,22 BBY,Short Story, False, False
4193,Elusion Illusion,Michael A. Stackpole,3/4/2003,22 BBY,Short Story, False, False
4194,Death in the Catacombs,Mike W. Barr,12/7/2004,22 BBY,Short Story, False, False
4195,Hondo Ohnaka's Not-So-Big Score,Jason Fry,9/3/2013,25 BBY,Short Story, False, False
4196,Reputation,Ari Marmell,9/4/2012,26 BBY,Short Story, False, False
4197,Omega Squad: Targets,Karen Traviss,3/11/2005,22 BBY,Short Story, False, False
4198,Speaking Silently,Jason Fry,1/29/2013,20 BBY,Short Story, False, False
4199,Hero of Cartao,Timothy Zahn,5/12/2003,21 BBY,Short Story, False, False
4200,Republic Commando: Odds,Karen Traviss,4/1/2006,21 BBY,Short Story, False, False
4201,Changing Seasons,Timothy Zahn,2/27/2004,20 BBY,Short Story, False, False
4202,MedStar: Intermezzo,Michael Reaves and Steve Perry,7/20/2005,20 BBY,Short Story, False, False
4203,Hammer,Edward M. Erdelac,1/21/2014,20 BBY,Short Story, False, False
4204,Incognito,John Jackson Miller,7/23/2013,19 BBY,Short Story, False, False
4205,Ghosts of the Sith,Jude Watson,6/13/2006,19 BBY,Short Story, False, False
4206,A Two-Edged Sword,Karen Traviss,11/1/2005,18 BBY,Short Story, False, False
4207,The Guns of Kelrodo-Ai,Jason Fry,3/13/2012,17 BBY,Short Story, False, False
4208,And Leebo Makes Three,Michael Reaves and Maya Kaathryn Bohnhoff,9/13/2011,5 BBY,Short Story, False, False
4209,Silver and Scarlet,James S. A. Corey and Joe Corroney,3/11/2014,3 BBY,Short Story, False, False
4210,Maze Run,David J. Williams and Mark S. Williams,1/31/2012,1 BBY,Short Story, False, False
4211,Heist,Timothy Zahn,12/11/2012,0 ABY,Short Story, False, False
4212,Pearls in the Sand,Voronica Whitney-Robinson,2/6/2004,0 ABY,Short Story, False, False
4213,Vader Adrift,Ryder Windham,11/8/2011,3 ABY,Short Story, False, False
4214,Buyer's Market,Timothy Zahn,6/14/2011,5 ABY,Short Story, False, False
4215,The Trouble with Squibs,Troy Denning,3/28/2003,8 ABY,Short Story, False, False
4216,Hunting the Gorach,Jeff Grubb,5/1/2012,19 ABY,Short Story, False, False
4217,Emissary of the Void (Parts I II III),Greg Keyes,1/8/2002,26 ABY,Short Story, False, False
4218,Emissary of the Void (Parts IV V VI),Greg Keyes,9/13/2002,26 ABY,Short Story, False, False
4219,Or Die Trying,Sean Williams and Shane Dix,3/19/2004,28 ABY,Short Story, False, False
4220,A Fair Trade,Paul S. Kemp,10/25/2011,38 ABY,Short Story, False, False
4221,First Blood,Christie Golden,4/26/2011,41 ABY,Short Story, False, False
4222,Getaway,Christie Golden,6/12/2012,44 ABY,Short Story, False, False
4223,Roll of the Dice,Karen Miller,7/24/2012,44 ABY,Short Story, False, False
4224,Good Hunting,Christie Golden,6/11/2013,45 ABY,Short Story, False, False
4225,Darkness Shared,Bill Slavicsek,7/24/2001,1000 BBY,Short Story, False, False
4226,Bane of the Sith,Kevin J. Anderson,4/17/2001,1000 BBY,Short Story, False, False
4227,The Monster,Daniel Wallace,2/1/2001,36 BBY,Short Story, False, False
4228,The Starfighter Trap,Steve Miller,9/1/2000,33 BBY,Short Story, False, False
4229,Deep Spoilers,Ryder Windham,6/19/2001,31 BBY,Short Story, False, False
4230,Rebel Bass,Kathy Tyers,8/14/2001,2 BBY,Short Story, False, False
4231,Fair Prey,Daniel Wallace,9/1/2000,0 ABY,Short Story, False, False
4232,A Credit for Your Thoughts,Tish Eggleston Pahl and Chris Cassidy,2/1/2001,4 ABY,Short Story, False, False
4233,Handoff,Timothy Zahn,4/19/2002,4 ABY,Short Story, False, False
4234,Red Sky Blue Flame,Elaine Cunningham,10/16/2001,22 ABY,Short Story, False, False
4235,The Crystal,Elaine Cunningham,7/24/2001,24 ABY,Short Story, False, False
4236,The Apprentice,Elaine Cunningham,1/1/2002,27 ABY,Short Story, False, False
4237,Dark Vendetta,Eric S. Trautmann,7/1/1996,10 BBY,Short Story, False, False
4238,Wanderer of Worlds,John Dunivant,10/1/1996,1 BBY,Short Story, False, False
4239,Priority X,George R. Strayton,8/1/1997,0 BBY,Short Story, False, False
4240,Sandbound on Tatooine,Peter M. Schweighofer,1/1/1997,0 BBY,Short Story, False, False
4241,Double Cross on Ord Mantell,Michael Mikaelian,10/1/1995,3 ABY,Short Story, False, False
4242,Hunting the Hunters,Bill Smith,1/1/1996,3 ABY,Short Story, False, False
4243,The Emperor's Trophy,Peter M. Schweighofer,5/1/1997,3 ABY,Short Story, False, False
4244,Lumiya: Dark Star of the Empire,Michael Mikaelian and Patrick McLaughlin,4/1/1995,5 ABY,Short Story, False, False
4245,The Battle of Cadinth,Bill Smith,1/1/1995,6 ABY,Short Story, False, False
4246,Restraint,James Luceno,12/27/2011,39 BBY,Short Story, False, False
4247,End Game,James Luceno,1/31/2012,32 BBY,Short Story, False, False
4248,The Last One Standing,Jude Watson,5/1/2006,19 BBY,Short Story, False, False
4249,In His Image,Karen Traviss,7/1/2005,19 ABY,Short Story, False, False
4250,Crisis of Faith,Timothy Zahn,9/6/2011,8 ABY,Short Story, False, False
4251,Fool's Bargain,Timothy Zahn,2/3/2004,21 ABY,Short Story, False, False