0,A Droid's Tale,John Whitman,11/1/1997,0 BBY - 4 ABY,Children's Book,True,False
1,A Forest Apart,Troy Denning,2/11/2003,8 ABY,Short Story,True,True
2,A New Hope: The Life of Luke Skywalker,Ryder Windham,9/1/2009,15 BBY - 4 ABY,Junior Reader,False,False
3,A Queen's Diary,Simon Beecroft,9/17/2007,32 BBY,Children's Book,False,False
4,A Race to the Finish,Peter Sauder and Steven Wright,6/9/1995,15 BBY,Children's Book,False,False
5,Abyss,Troy Denning,8/18/2009,43 ABY,Adult Novel,False,False
6,Adventure in Beggar's Canyon,Jane Mason,6/1/1998,5 BBY,Children's Book,False,False
7,Adventures in ABC,Unknown Author,6/6/1995,0 ABY,Children's Book,False,False
8,Adventures in Colors and Shapes,Unknown Author,6/6/1995,0 ABY,Children's Book,False,False
9,Adventures In Hyperspace #1: Fire Ring Race,Ryder Windham,6/1/2010,3 BBY,Junior Reader,False,False
10,Adventures In Hyperspace #2: Shinbone Showdown,Ryder Windham,6/1/2010,3 BBY,Junior Reader,False,False
11,Agents of Chaos I: Hero's Trial,James Luceno,8/1/2000,25 ABY,Adult Novel,False,False
12,Agents of Chaos II: Jedi Eclipse,James Luceno,10/3/2000,25 ABY,Adult Novel,False,False
13,Allegiance,Timothy Zahn,1/30/2007,0 ABY,Adult Novel,False,False
14,Allies,Christie Golden,5/25/2010,44 ABY,Adult Novel,False,False
15,Ambush at Corellia,Roger MacBride Allen,2/2/1995,18 ABY,Adult Novel,False,False
16,An Ewok Adventure,Guy Dorian,6/19/1995,4 ABY,Children's Book,False,False
17,Anakin Skywalker: A Jedi's Journal,Scott Ciencin,4/23/2002,32 BBY - 22 BBY,Children's Book,False,False
18,Anakin to the Rescue,Cecilia Venn,5/11/1999,32 BBY,Children's Book,False,False
19,Anakin: Apprentice,Marc Cerasini,4/23/2002,32 BBY - 22 BBY,Junior Reader,False,False
20,Anakin's Fate,Marc Cerasini,5/11/1999,32 BBY,Children's Book,False,False
21,Anakin's Pit Droid,Justine and Ron Fontes,3/28/2000,32 BBY,Children's Book,False,False
22,Apocalypse,Troy Denning,3/13/2012,44 ABY,Adult Novel,False,False
23,Artoo Detoo's Activity Book,James Razzi,3/1/1979,0 ABY,Children's Book,False,False
24,Ascension,Christie Golden,8/9/2011,44 ABY,Adult Novel,False,False
25,Assault at Selonia,Roger MacBride Allen,6/1/1995,18 ABY,Adult Novel,False,False
26,Backlash,Aaron Allston,3/4/2010,43 ABY,Adult Novel,False,False
27,Balance Point,Kathy Tyers,10/31/2000,26 ABY,Adult Novel,False,False
28,Battle in the Arena,Justine and Ron Fontes,10/1/2002,22 BBY,Children's Book,False,False
29,Before the Storm,Michael P. Kube-McDowell,3/1/1996,16 ABY,Adult Novel,False,False
30,Betrayal,Aaron Allston,5/30/2006,40 ABY,Adult Novel,False,False
31,Beware the Dark Side,Simon Beecroft,8/20/2007,32 BBY - 4 ABY,Children's Book,False,False
32,Bloodlines,Karen Traviss,8/29/2006,40 ABY,Adult Novel,False,False
33,Boba Fett #1: The Fight to Survive,Terry Bisson,4/23/2002,22 BBY,Junior Reader,False,False
34,Boba Fett #2: Crossfire,Terry Bisson,11/1/2002,22 BBY,Junior Reader,False,False
35,Boba Fett #3: Maze of Deception,Elizabeth Hand,4/1/2003,22 BBY,Junior Reader,False,False
36,Boba Fett #4: Hunted,Elizabeth Hand,10/1/2003,22 BBY,Junior Reader,False,False
37,Boba Fett #5: A New Threat,Elizabeth Hand,4/1/2004,20 BBY,Junior Reader,False,False
38,Boba Fett #6: Pursuit,Elizabeth Hand,12/1/2004,20 BBY,Junior Reader,False,False
39,Boba Fett: A Practical Man,Karen Traviss,8/8/2006,25 ABY,Short Story,False,False
40,Boba Fett: Part 1: Survival,Terry Bisson | Elizabeth Hand,8/1/2008,22 BBY,Junior Reader,False,False
41,C-3PO's Big Adventure,Liza Baker,8/1/2000,32 BBY,Children's Book,False,False
42,Catch That Pit Droid!,Liza Baker,5/1/2000,32 BBY,Children's Book,False,False
43,Champions of the Force,Kevin J. Anderson,9/1/1994,11 ABY,Adult Novel,False,False
44,Chewbacca the Wookiee,Art Ruiz,6/1/1998,0 ABY,Children's Book,False,False
45,Chewbacca's Activity Book,James Razzi,3/1/1979,0 ABY,Children's Book,False,False
46,Children of the Jedi,Barbara Hambly,4/1/1995,12 ABY,Adult Novel,False,False
47,Choices of One,Timothy Zahn,7/19/2011,0 ABY,Adult Novel,False,False
48,Choose Your Own Star Wars Adventure: A New Hope,Christopher Golden,8/1/1998,0 ABY,Children's Book,False,False
49,Choose Your Own Star Wars Adventure: Return of the Jedi,Christopher Golden,8/1/1998,4 ABY,Children's Book,False,False
50,Choose Your Own Star Wars Adventure: The Empire Strikes Back,Christopher Golden,8/1/1998,3 ABY,Children's Book,False,False
51,Classic Star Wars (Random House),Cynthia Alvarez,6/17/1995,0 ABY,Children's Book,False,False
52,Classic Star Wars: A New Hope (Random House),Larry Weinberg,5/1/2004,0 ABY,Children's Book,False,False
53,Classic Star Wars: The Empire Strikes Back (Random House),Larry Weinberg,5/1/1995,3 ABY,Children's Book,False,False
54,Cloak of Deception,James Luceno,5/29/2001,33 BBY,Adult Novel,False,False
55,Clone Wars Gambit: Siege,Karen Miller,2/23/2010,22 BBY,Adult Novel,False,False
56,Clone Wars Gambit: Stealth,Karen Miller,7/6/2010,22 BBY,Adult Novel,False,False
57,Clone Wars Ultimate Sticker Book,Unknown Author,7/26/2008,22 BBY,Children's Book,False,False
58,Conviction,Aaron Allston,5/24/2011,44 ABY,Adult Novel,False,False
59,Coruscant Nights I: Jedi Twilight,Michael Reaves,6/24/2008,19 BBY,Adult Novel,False,False
60,Coruscant Nights II: Street of Shadows,Michael Reaves,8/26/2008,19 BBY,Adult Novel,False,False
61,Coruscant Nights III: Patterns of Force,Michael Reaves,1/27/2009,19 BBY,Adult Novel,False,False
62,Crosscurrent,Paul S. Kemp,1/26/2010,5000 BBY,Adult Novel,False,False
63,Crucible,Troy Denning,7/9/2013,45 ABY,Adult Novel,False,False
64,Dangers of the Core,Jim Thomas,5/11/1999,32 BBY,Children's Book,False,False
65,Dark Apprentice,Kevin J. Anderson,6/1/1994,11 ABY,Adult Novel,False,False
66,Dark Force Rising,Timothy Zahn,5/1/1992,9 ABY,Adult Novel,False,False
67,Dark Forces: Jedi Knight,William C. Dietz,10/14/1998,5 ABY,Adult Novel,False,False
68,Dark Forces: Rebel Agent,William C. Dietz,3/11/1998,5 ABY,Adult Novel,False,False
69,Dark Forces: Soldier for the Empire,William C. Dietz,2/1/1997,1 BBY,Adult Novel,False,False
70,Dark Journey,Elaine Cunningham,1/29/2002,27 ABY,Adult Novel,False,False
71,Dark Lord: The Rise of Darth Vader,James Luceno,11/22/2005,19 BBY,Adult Novel,False,False
72,Dark Tide I: Onslaught,Michael A. Stackpole,2/1/2000,25 ABY,Adult Novel,False,False
73,Dark Tide II: Ruin,Michael A. Stackpole,6/6/2000,25 ABY,Adult Novel,False,False
74,Darksaber,Kevin J. Anderson,10/1/1995,12 ABY,Adult Novel,False,False
75,Darth Bane: Dynasty of Evil,Drew Karpyshyn,12/8/2009,980 BBY,Adult Novel,False,False
76,Darth Bane: Path of Destruction,Drew Karpyshyn,9/26/2006,1003 BBY - 1000 BBY,Adult Novel,False,False
77,Darth Bane: Rule of Two,Drew Karpyshyn,12/26/2007,1000 BBY - 990 BBY,Adult Novel,False,False
78,Darth Maul: Saboteur,James Luceno,2/15/2001,33 BBY,Short Story,False,False
79,Darth Maul: Shadow Conspiracy,Jason Fry,1/1/2013,20 BBY,Junior Reader,False,False
80,Darth Maul: Shadow Hunter,Michael Reaves,1/30/2001,32 BBY,Adult Novel,False,False
81,Darth Maul's Revenge,Eric Arnold,11/14/2000,32 BBY,Children's Book,False,False
82,Darth Plagueis,James Luceno,1/10/2012,67 BBY - 32 BBY,Adult Novel,False,False
83,Darth Vader's Activity Book,James Razzi,3/1/1979,0 ABY,Children's Book,False,False
84,Darth Vader's Mission: The Search for the Secret Plans,Jane Paley,9/1/1997,0 ABY,Children's Book,False,False
85,Dawn of the Jedi: Into the Void,Tim Lebbon,5/7/2013,25802 BBY - 25793 BBY,Adult Novel,False,False
86,Death Star,Michael Reaves |  Steve Perry,10/16/2007,3 BBY - 0 BBY,Adult Novel,False,False
87,Death Troopers,Joe Schreiber,10/13/2009,1 BBY,Adult Novel,False,False
88,Destiny's Way,Walter Jon Williams,10/1/2002,28 ABY,Adult Novel,False,False
89,Droid to the Rescue,Gail Herman,3/1/2000,32 BBY,Children's Book,False,False
90,Droids Everywhere!,Liza Baker,9/1/2000,32 BBY,Children's Book,False,False
91,Droids: The White Witch (Adaptation),Peter Sauder,6/9/1995,15 BBY,Children's Book,False,False
92,Edge of Victory I: Conquest,Greg Keyes,4/20/2001,26 ABY,Adult Novel,False,False
93,Edge of Victory II: Rebirth,Greg Keyes,7/31/2001,26 ABY,Adult Novel,False,False
94,Empire and Rebellion: Honor Among Thieves,James S. A. Corey,3/4/2014,2 ABY,Adult Novel,False,False
95,Empire and Rebellion: Razor's Edge,Martha Wells,9/24/2013,2 ABY,Adult Novel,False,False
96,Enemy Lines I: Rebel Dream,Aaron Allston,3/26/2002,27 ABY,Adult Novel,False,False
97,Enemy Lines II: Rebel Stand,Aaron Allston,5/28/2002,27 ABY,Adult Novel,False,False
98,Epic Battles,Simon Beecroft,2/18/2008,32 BBY - 5 ABY,Children's Book,False,False
99,Episode I Journal: Anakin Skywalker,Todd Strasser,5/3/1999,32 BBY,Junior Reader,False,False
100,Episode I Journal: Darth Maul,Jude Watson,3/1/2000,32 BBY,Junior Reader,False,False
101,Episode I Journal: Queen Amidala,Jude Watson,5/3/1999,32 BBY,Junior Reader,False,False
102,Episode I Adventures #1: Search for the Lost Jedi,Ryder Windham,9/1/1999,32 BBY,Junior Reader,False,False
103,Episode I Adventures #2: The Bartokk Assassins,Ryder Windham,10/1/1999,32 BBY,Junior Reader,False,False
104,Episode I Adventures #3: The Fury of Darth Maul,Ryder Windham,11/1/1999,32 BBY,Junior Reader,False,False
105,Episode I Adventures #4: Jedi Emergency,Ryder Windham,12/1/1999,32 BBY,Junior Reader,False,False
106,Episode I Adventures #5: The Ghostling Children,Dave Wolverton,1/1/2000,32 BBY,Junior Reader,False,False
107,Episode I Adventures #6: The Hunt for Anakin Skywalker,Dave Wolverton,2/1/2000,32 BBY,Junior Reader,False,False
108,Episode I Adventures #7: Capture Arawynne,Dave Wolverton,3/1/2000,32 BBY,Junior Reader,False,False
109,Episode I Adventures #8: Trouble on Tatooine,Dave Wolverton,4/1/2000,32 BBY,Junior Reader,False,False
110,Episode I Adventures #9: Rescue in the Core,Ryder Windham,5/1/2000,33 BBY,Junior Reader,False,False
111,Episode I Adventures #10: Festival of Warriors,Ryder Windham,6/1/2000,33 BBY,Junior Reader,False,False
112,Episode I Adventures #11: Pirates from Beyond the Sea,Ryder Windham,7/1/2000,33 BBY,Junior Reader,False,False
113,Episode I Adventures #12: The Bongo Rally,Ryder Windham,8/1/2000,33 BBY,Junior Reader,False,False
114,Episode I Adventures #13: Danger on Naboo,A.L. Singer,9/1/2000,32 BBY,Junior Reader,False,False
115,Episode I Adventures #14: Podrace to Freedom,A.L. Singer,10/1/2000,32 BBY,Junior Reader,False,False
116,Episode I Adventures #15: The Final Battle,A.L. Singer,11/1/2000,32 BBY,Junior Reader,False,False
117,Episode I Adventures Gamebook #1: Search for the Lost Jedi,Ryder Windham,9/1/1999,33 BBY,Junior Reader,False,False
118,Episode I Adventures Gamebook #2: The Bartokk Assassins,Ryder Windham,10/1/1999,33 BBY,Junior Reader,False,False
119,Episode I Adventures Gamebook #3: The Fury of Darth Maul,Ryder Windham,11/1/1999,33 BBY,Junior Reader,False,False
120,Episode I Adventures Gamebook #4: Jedi Emergency,Ryder Windham,12/1/1999,33 BBY,Junior Reader,False,False
121,Episode I Adventures Gamebook #5: The Ghostling Children,Dave Wolverton,1/1/2000,33 BBY,Junior Reader,False,False
122,Episode I Adventures Gamebook #6: The Hunt for Anakin Skywalker,Dave Wolverton,2/1/2000,33 BBY - 32 BBY,Junior Reader,False,False
123,Episode I Adventures Gamebook #7: Capture Arawynne,Dave Wolverton,3/1/2000,33 BBY,Junior Reader,False,False
124,Episode I Adventures Gamebook #8: Trouble on Tatooine,Dave Wolverton,4/1/2000,33 BBY,Junior Reader,False,False
125,Episode I Adventures Gamebook #9: Rescue in the Core,Ryder Windham,5/1/2000,33 BBY - 32 BBY,Junior Reader,False,False
126,Episode I Adventures Gamebook #10: Festival of Warriors,Ryder Windham,6/1/2000,33 BBY - 32 BBY,Junior Reader,False,False
127,Episode I Adventures Gamebook #11: Pirates from Beyond the Sea,Ryder Windham,7/1/2000,33 BBY,Junior Reader,False,False
128,Episode I Adventures Gamebook #12: The Bongo Rally,Ryder Windham,8/1/2000,33 BBY,Junior Reader,False,False
129,Episode I Adventures Gamebook #13: Danger on Naboo,A.L. Singer,9/1/2000,32 BBY,Junior Reader,False,False
130,Episode I Adventures Gamebook #14: Podrace to Freedom,A.L. Singer,10/1/2000,32 BBY,Junior Reader,False,False
131,Episode I Adventures Gamebook #15: The Final Battle,A.L. Singer,11/1/2000,32 BBY,Junior Reader,False,False
132,Episode I Adventures Guide,David Levithan,6/21/1995,32 BBY,Children's Book,False,False
133,Episode I: Anakin's Adventures to Color,Uldis Klavins,5/3/1999,32 BBY,Children's Book,False,False
134,Episode I: Battles to Color,David Boller,4/25/1999,32 BBY,Children's Book,False,False
135,Episode I: Giant Coloring Fun!,Uldis Klavins,8/3/1999,32 BBY,Children's Book,False,False
136,Episode I: Jar Jar's Coloring Fun,Uldis Klavins,5/3/1999,32 BBY,Children's Book,False,False
137,Episode I: Jedi Missions to Color,Scott Kollins,5/3/1999,32 BBY,Children's Book,False,False
138,Episode I: The Phantom Menace (Mighty Chronicles),John Whitman,5/3/1999,32 BBY,Children's Book,False,False
139,Episode I: The Phantom Menace Movie Storybook,George Lucas,6/21/1995,32 BBY,Children's Book,False,False
140,Episode II Adventures 1: Hunt the Sun Runner,Ryder Windham,10/1/2002,23 BBY,Junior Reader,False,False
141,Episode II Adventures 2: The Cavern of Screaming Skulls,Ryder Windham,11/1/2002,23 BBY,Junior Reader,False,False
142,Episode II Adventures 3: The Hostage Princess,Ryder Windham,12/1/2002,23 BBY,Junior Reader,False,False
143,Episode II Adventures 4: Jango Fett vs. the Razor Eaters,Ryder Windham,1/1/2003,23 BBY,Junior Reader,False,False
144,Episode II Adventures 5: The Shape-Shifter Strikes,Ryder Windham,2/1/2003,23 BBY,Junior Reader,False,False
145,Episode II Adventures 6: The Warlords of Balmorra,Ryder Windham,3/1/2003,23 BBY,Junior Reader,False,False
146,Episode II Adventures Game Book 1: Hunt the Sun Runner,Ryder Windham,10/1/2002,22 BBY,Junior Reader,False,False
147,Episode II Adventures Game Book 2: The Cavern of Screaming Skulls,Ryder Windham,11/1/2002,22 BBY,Junior Reader,False,False
148,Episode II Adventures Game Book 3: The Hostage Princess,Ryder Windham,12/1/2002,22 BBY,Junior Reader,False,False
149,Episode II Adventures Game Book 4: Jango Fett vs. the Razor Eaters,Ryder Windham,1/1/2003,22 BBY,Junior Reader,False,False
150,Episode II Adventures Game Book 5: The Shape-Shifter Strikes,Ryder Windham,2/1/2003,22 BBY,Junior Reader,False,False
151,Episode II Adventures Game Book 6: The Warlords of Balmorra,Ryder Windham,3/1/2003,22 BBY,Junior Reader,False,False
152,Episode II: Attack of the Clones (Mighty Chronicles),John Whitman,4/23/2002,22 BBY,Children's Book,False,False
153,Episode IV: Star Wars (Mighty Chronicles),John Whitman,12/1/1996,0 ABY,Children's Book,False,False
154,Episode V: The Empire Strikes Back (Mighty Chronicles),John Whitman,12/1/1996,3 ABY,Children's Book,False,False
155,Episode VI: Return of the Jedi (Mighty Chronicles),John Whitman,12/1/1996,4 ABY,Children's Book,False,False
156,Escape from Jabba's Palace,Jay Rudko,3/1/1998,4 ABY,Children's Book,False,False
157,Escape from the Monster Ship: A Droid Adventure,Bonnie Bogart,6/8/1995,15 BBY,Children's Book,False,False
158,Escape Into Terror,Emily James,6/9/1995,15 BBY,Children's Book,False,False
159,Ewoks: The Battle For Endor,(Buena Vista Records/Lucasfilm),11/24/1985,3 ABY,Children's Book,False,False
160,Exile,Aaron Allston,2/27/2007,40 ABY,Adult Novel,False,False
161,Fall of the Diversity Alliance (Young Jedi Knights #7-11),Kevin J. Anderson |  Rebecca Moesta,1/1/1998,24 ABY,Junior Reader,False,False
162,Force Heretic I: Remnant,Sean Williams |  Shane Dix,2/4/2003,28 ABY,Adult Novel,False,False
163,Force Heretic II: Refugee,Sean Williams |  Shane Dix,4/29/2003,28 ABY,Adult Novel,False,False
164,Force Heretic III: Reunion,Sean Williams |  Shane Dix,7/1/2003,28 ABY,Adult Novel,False,False
165,Fury,Aaron Allston,11/27/2007,40 ABY,Adult Novel,False,False
166,Fuzzy as an Ewok: Things to Touch See and Smell from the Forest Moon of Endor,Virginia Holt,4/1/1986,3 ABY,Children's Book,False,False
167,Galactic Crisis!,Ryder Windham,4/2/2005,32 BBY - 19 BBY,Children's Book,False,False
168,Galaxies: The Ruins of Dantooine,Veronica Whitney-Robinson |  Haden Blackman,12/30/2003,1 ABY,Adult Novel,False,False
169,Galaxy of Fear #1: Eaten Alive,John Whitman,1/1/1997,0 ABY,Junior Reader,False,False
170,Galaxy of Fear #2: City of the Dead,John Whitman,1/1/1997,0 ABY,Junior Reader,False,False
171,Galaxy of Fear #3: Planet Plague,John Whitman,4/1/1997,0 ABY,Junior Reader,False,False
172,Galaxy of Fear #4: The Nightmare Machine,John Whitman,5/12/1997,0 ABY,Junior Reader,False,False
173,Galaxy of Fear #5: Ghost of the Jedi,John Whitman,7/7/1997,0 ABY,Junior Reader,False,False
174,Galaxy of Fear #6: Army of Terror,John Whitman,9/8/1997,0 ABY,Junior Reader,False,False
175,Galaxy of Fear #7: The Brain Spiders,John Whitman,11/10/1997,0 ABY,Junior Reader,False,False
176,Galaxy of Fear #8: The Swarm,John Whitman,1/12/1998,0 ABY,Junior Reader,False,False
177,Galaxy of Fear #9: Spore,John Whitman,3/9/1998,1 ABY,Junior Reader,False,False
178,Galaxy of Fear #10: The Doomsday Ship,John Whitman,5/11/1998,1 ABY,Junior Reader,False,False
179,Galaxy of Fear #11: Clones,John Whitman,8/1/1998,1 ABY,Junior Reader,False,False
180,Galaxy of Fear #12: The Hunger,John Whitman,9/8/1998,1 ABY,Junior Reader,False,False
181,General Jar Jar,Lara Bergen,12/1/1999,32 BBY,Children's Book,False,False
182,Gungan Trouble!,Liza Baker,6/1/2000,32 BBY,Children's Book,False,False
183,Han Solo and the Lost Legacy,Brian Daley,8/12/1980,1 BBY,Adult Novel,False,False
184,Han Solo At Stars' End,Brian Daley,4/1/1979,2 BBY,Adult Novel,False,False
185,Han Solo: Rebel Hero,John Whitman,6/1/1998,0 ABY,Children's Book,False,False
186,Han Solo's Rescue Mission,John Whitman,3/1/1998,1 ABY,Children's Book,False,False
187,Han Solo's Revenge,Brian Daley,10/12/1979,2 BBY,Adult Novel,False,False
188,Hard Merchandise,K.W. Jeter,7/6/1999,0 ABY,Adult Novel,False,False
189,Heir to the Empire,Timothy Zahn,5/1/1991,9 ABY,Adult Novel,False,False
190,Heroes and Villains Coloring Book,Jesus Redondo | Michelle Knudsen,4/25/1999,32 BBY,Children's Book,False,False
191,Heroes in Hiding,Ken Steacy,6/18/1995,0 BBY,Children's Book,False,False
192,How the Ewoks Saved the Trees: An Old Ewok Legend,James Howe,3/12/1984,3 ABY,Children's Book,False,False
193,I Am a Bounty Hunter,Kerry Milliron,10/1/2002,22 BBY,Children's Book,False,False
194,I Want to Be a Jedi,Simon Beecroft,8/20/2007,32 BBY - 4 ABY,Children's Book,False,False
195,I Jedi,Michael Stackpole,5/4/1998,11 ABY,Adult Novel,False,False
196,Imperial Commando: 501st,Karen Traviss,10/27/2009,19 BBY,Adult Novel,False,False
197,Inferno,Troy Denning,8/28/2007,40 ABY,Adult Novel,False,False
198,Introducing Darth Vader,Unknown Author,9/1/1997,0 ABY,Children's Book,False,False
199,Introducing Han Solo,Unknown Author,9/1/1997,0 ABY,Children's Book,False,False
200,Introducing Luke Skywalker,Unknown Author,9/1/1997,0 ABY,Children's Book,False,False
201,Introducing Princess Leia,Unknown Author,9/1/1997,0 ABY,Children's Book,False,False
202,Invincible,Troy Denning,5/13/2008,41 ABY,Adult Novel,False,False
203,Jabba's Palace Pop-up Book,Kevin J. Anderson and Rebecca Moesta,10/1/1996,3 ABY,Children's Book,False,False
204,Jango Fett: Bounty Hunter,Eric Arnold,4/23/2002,22 BBY,Children's Book,False,False
205,Jar Jar Binks,Kerry Milliron,5/3/1999,32 BBY,Children's Book,False,False
206,Jar Jar's Mistake,Nancy Krulik,5/11/1999,32 BBY,Children's Book,False,False
207,Jedi Apprentice 01: The Rising Force,Dave Wolverton,5/3/1999,45 BBY,Junior Reader,False,False
208,Jedi Apprentice 02: The Dark Rival,Jude Watson,6/1/1999,45 BBY,Junior Reader,False,False
209,Jedi Apprentice 03: The Hidden Past,Jude Watson,8/1/1999,44 BBY,Junior Reader,False,False
210,Jedi Apprentice 04: The Mark of the Crown,Jude Watson,10/1/1999,44 BBY,Junior Reader,False,False
211,Jedi Apprentice 05: The Defenders of the Dead,Jude Watson,12/1/1999,44 BBY,Junior Reader,False,False
212,Jedi Apprentice 06: The Uncertain Path,Jude Watson,2/1/2000,44 BBY,Junior Reader,False,False
213,Jedi Apprentice 07: The Captive Temple,Jude Watson,4/1/2000,44 BBY,Junior Reader,False,False
214,Jedi Apprentice 08: The Day of Reckoning,Jude Watson,6/1/2000,44 BBY,Junior Reader,False,False
215,Jedi Apprentice 09: The Fight for Truth,Jude Watson,8/1/2000,43 BBY,Junior Reader,False,False
216,Jedi Apprentice 10: The Shattered Peace,Jude Watson,10/1/2000,43 BBY,Junior Reader,False,False
217,Jedi Apprentice 11: The Deadly Hunter,Jude Watson,12/1/2000,42 BBY,Junior Reader,False,False
218,Jedi Apprentice 12: The Evil Experiment,Jude Watson,2/1/2000,42 BBY,Junior Reader,False,False
219,Jedi Apprentice 13: The Dangerous Rescue,Jude Watson,4/1/2001,42 BBY,Junior Reader,False,False
220,Jedi Apprentice 14: The Ties That Bind,Jude Watson,8/1/2001,41 BBY,Junior Reader,False,False
221,Jedi Apprentice 15: The Death of Hope,Jude Watson,10/1/2001,41 BBY,Junior Reader,False,False
222,Jedi Apprentice 16: The Call to Vengeance,Jude Watson,12/1/2001,41 BBY,Junior Reader,False,False
223,Jedi Apprentice 17: The Only Witness,Jude Watson,2/1/2002,41 BBY,Junior Reader,False,False
224,Jedi Apprentice 18: The Threat Within,Jude Watson,3/1/2002,40 BBY,Junior Reader,False,False
225,Jedi Apprentice Special Edition #1: Deceptions,Jude Watson,7/1/2001,41 BBY - 29 BBY,Junior Reader,False,False
226,Jedi Apprentice Special Edition #2: The Followers,Jude Watson,4/1/2002,40 BBY - 29 BBY,Junior Reader,False,False
227,Jedi Dawn (Lost Jedi Adventure Game Book),Paul Cockburn,9/30/1993,2 BBY,Junior Reader,False,False
228,Jedi Escape,Liza Baker,4/1/2000,32 BBY,Children's Book,False,False
229,Jedi Quest #1: The Way of the Apprentice,Jude Watson,4/23/2002,28 BBY,Junior Reader,False,False
230,Jedi Quest #2: The Trail of the Jedi,Jude Watson,4/23/2002,27 BBY,Junior Reader,False,False
231,Jedi Quest #3: The Dangerous Games,Jude Watson,8/1/2002,27 BBY,Junior Reader,False,False
232,Jedi Quest #4: The Master of Disguise,Jude Watson,11/1/2002,27 BBY,Junior Reader,False,False
233,Jedi Quest #5: The School of Fear,Jude Watson,2/1/2003,26 BBY,Junior Reader,False,False
234,Jedi Quest #6: The Shadow Trap,Jude Watson,5/1/2003,26 BBY,Junior Reader,False,False
235,Jedi Quest #7: The Moment of Truth,Jude Watson,11/1/2003,26 BBY,Junior Reader,False,False
236,Jedi Quest #8: The Changing of the Guard,Jude Watson,3/1/2004,25 BBY,Junior Reader,False,False
237,Jedi Quest #9: The False Peace,Jude Watson,7/1/2004,25 BBY,Junior Reader,False,False
238,Jedi Quest #10: The Final Showdown,Jude Watson,11/1/2004,25 BBY,Junior Reader,False,False
239,Jedi Quest: Path to Truth,Jude Watson,9/1/2001,28 BBY,Junior Reader,False,False
240,Jedi Search,Kevin J. Anderson,2/1/1994,11 ABY,Adult Novel,False,False
241,Jedi Shadow (Young Jedi Knights #1-3),Kevin J. Anderson |  Rebecca Moesta,4/1/2002,23 ABY,Junior Reader,False,False
242,Jedi Sunrise (Young Jedi Knights #4-6),Kevin J. Anderson |  Rebecca Moesta,12/1/2003,23 ABY,Junior Reader,False,False
243,Jedi Trial,David Sherman |  Dan Cragg,10/26/2004,20 BBY,Adult Novel,False,False
244,Journey Through Space,Ryder Windham,5/16/2005,0 ABY,Children's Book,False,False
245,Journey to Mos Eisley,Jay Rudko,3/1/1998,0 ABY,Children's Book,False,False
246,Junior Jedi Knights #1: The Golden Globe,Nancy Richardson,10/1/1995,22 ABY,Junior Reader,False,False
247,Junior Jedi Knights #2: Lyric's World,Nancy Richardson,1/1/1996,22 ABY,Junior Reader,False,False
248,Junior Jedi Knights #3: Promises,Nancy Richardson,4/1/1996,22 ABY,Junior Reader,False,False
249,Junior Jedi Knights #4: Anakin's Quest,Rebecca Moesta,5/1/1997,22 ABY,Junior Reader,False,False
250,Junior Jedi Knights #5: Vader's Fortress,Rebecca Moesta,7/1/1995,22 ABY,Junior Reader,False,False
251,Junior Jedi Knights #6: Kenobi's Blade,Rebecca Moesta,9/1/1997,22 ABY,Junior Reader,False,False
252,Kenobi,John Jackson Miller,8/27/2013,19 BBY,Adult Novel,False,False
253,Knight Errant,John Jackson Miller,1/25/2011,1032 BBY,Adult Novel,False,False
254,Labyrinth of Evil,James Luceno,1/25/2005,19 BBY,Adult Novel,False,False
255,Lando Calrissian and the Flamewind of Oseon,L. Neil Smith,9/12/1983,3 BBY,Adult Novel,False,False
256,Lando Calrissian and the Mindharp of Sharu,L. Neil Smith,6/12/1983,4 BBY,Adult Novel,False,False
257,Lando Calrissian and the Starcave of ThonBoka,L. Neil Smith,11/12/1983,3 BBY,Adult Novel,False,False
258,Legacy of the Jedi,Jude Watson,8/1/2003,89 BBY - 22 BBY,Junior Reader,False,False
259,Legacy of the Jedi / Secrets of the Jedi Omnibus,Jude Watson,5/1/2006,89 BBY - 20 BBY,Junior Reader,False,False
260,Lost Tribe of the Sith: The Collected Stories,John Jackson Miller,7/24/2012,5000 BBY - 2975 BBY,Adult Novel,False,False
261,Luke Skywalker and the Shadows of Mindor,Matthew Stover,12/30/2008,5 ABY,Adult Novel,False,False
262,Luke Skywalker's Activity Book,James Razzi,3/1/1979,1 ABY,Children's Book,False,False
263,Luke Skywalker's Race Against Time,John Whitman,3/1/1998,1 ABY,Children's Book,False,False
264,Luke's Fate,Jim Thomas,10/15/1996,0 ABY,Children's Book,False,False
265,Maul: Lockdown,Joe Schreiber,1/28/2014,33 BBY,Adult Novel,False,False
266,MedStar I: Battle Surgeons,Michael Reaves |  Steve Perry,6/29/2004,20 BBY,Adult Novel,False,False
267,MedStar II: Jedi Healer,Michael Reaves |  Steve Perry,9/28/2004,20 BBY,Adult Novel,False,False
268,Meet the Jedi High Council,Laura Downer,7/1/2000,32 BBY,Children's Book,False,False
269,Meltdown on Hoth,Jane Mason,7/1/1998,3 ABY,Children's Book,False,False
270,Millennium Falcon,James Luceno,10/21/2008,60 BBY - 43 ABY,Adult Novel,False,False
271,Mission from Mount Yoda,Paul |  Hollace Davids,1/1/1993,5 ABY,Junior Reader,False,False
272,Obi-Wan's Bongo Adventure,Gail Herman,11/1/1999,32 BBY,Children's Book,False,False
273,Obi-Wan's Foe,Jane Mason and Sarah Stephens,4/2/2005,32 BBY,Children's Book,False,False
274,Omen,Christie Golden,6/23/2009,43 ABY,Adult Novel,False,False
275,Order 66: A Republic Commando Novel,Karen Traviss,9/16/2008,19 BBY,Adult Novel,False,False
276,Outbound Flight,Timothy Zahn,1/31/2006,27 BBY,Adult Novel,False,False
277,Outcast,Aaron Allston,3/24/2009,43 ABY,Adult Novel,False,False
278,Planet of Twilight,Barbara Hambly,3/31/1997,13 ABY,Adult Novel,False,False
279,Podrace!,Lara Bergen,10/1/1999,32 BBY,Children's Book,False,False
280,Princess Leia: Rebel Leader,Ken Steacy,9/1/1997,0 BBY - 4 ABY,Children's Book,False,False
281,Prophets of the Dark Side,Paul |  Hollace Davids,4/1/1993,5 ABY,Junior Reader,False,False
282,Queen in Disguise,Monica Kulling,3/28/2000,32 BBY,Children's Book,False,False
283,Queen of the Empire,Paul |  Hollace Davids,3/1/1993,5 ABY,Junior Reader,False,False
284,R2-D2 and C-3PO: Droid Duo,Ken Steacy,9/1/1997,0 ABY,Children's Book,False,False
285,R2-D2's Mission: A Little Hero's Journey,Jane Paley,9/1/1997,0 ABY,Children's Book,False,False
286,Ready Set Podrace!,Simon Beecroft,9/17/2007,32 BBY,Children's Book,False,False
287,Rebel Dawn,A.C. Crispin,3/9/1998,2 BBY - 0 BBY,Adult Novel,False,False
288,Rebel Force #1: Target,Alex Wheeler,12/2/2008,0 ABY,Junior Reader,False,False
289,Rebel Force #2: Hostage,Alex Wheeler,1/1/2009,0 ABY,Junior Reader,False,False
290,Rebel Force #3: Renegade,Alex Wheeler,5/1/2009,0 ABY,Junior Reader,False,False
291,Rebel Force #4: Firefight,Alex Wheeler,9/1/2009,0 ABY,Junior Reader,False,False
292,Rebel Force #5: Trapped,Alex Wheeler,1/1/2010,0 ABY,Junior Reader,False,False
293,Rebel Force #6: Uprising,Alex Wheeler,5/1/2010,0 ABY,Junior Reader,False,False
294,Recovery,Troy Denning,12/3/2001,26 ABY,Short Story,False,False
295,Red Harvest,Joe Schreiber,12/28/2010,3645 BBY,Adult Novel,False,False
296,Republic Commando: Hard Contact,Karen Traviss,10/26/2004,22 BBY,Adult Novel,False,False
297,Republic Commando: Triple Zero,Karen Traviss,2/28/2006,21 BBY,Adult Novel,False,False
298,Republic Commando: True Colors,Karen Traviss,10/30/2007,21 BBY,Adult Novel,False,False
299,Return of the Jedi Coloring Book (1983),Unknown Author,1/1/1983,4 ABY,Children's Book,False,False
300,Return of the Jedi Coloring Book (1984),Unknown Author,1/1/1984,4 ABY,Children's Book,False,False
301,Return of the Jedi Step-Up Movie Adventure,Elizabeth Levy,8/24/2004,4 ABY,Children's Book,False,False
302,Return of the Jedi Storybook,Joan D. Vinge,5/12/1983,4 ABY,Children's Book,False,False
303,Return of the Jedi: A Storybook,J.J. Gardner,3/13/1997,4 ABY,Children's Book,False,False
304,Return of the Jedi: Han Solo's Rescue,Kay Carrol,10/1/1983,4 ABY,Children's Book,False,False
305,Revelation,Karen Traviss,2/26/2008,41 ABY,Adult Novel,False,False
306,Revenge of the Sith Ultimate Sticker Book,(DK Publishing),4/2/2005,4 ABY,Children's Book,False,False
307,Riptide,Paul S. Kemp,10/25/2011,41 ABY,Adult Novel,False,False
308,Rise of the Shadow Academy (Young Jedi Knights #1-6),Kevin J. Anderson |  Rebecca Moesta,8/1/1996,23 ABY,Junior Reader,False,False
309,Rogue Planet,Greg Bear,5/2/2000,29 BBY,Adult Novel,False,False
310,Sacrifice,Karen Traviss,5/29/2007,40 ABY,Adult Novel,False,False
311,Save Naboo!,Gail Herman,1/1/2000,32 BBY,Children's Book,False,False
312,Scoundrels,Timothy Zahn,1/1/2013,0 ABY,Adult Novel,False,False
313,Scourge,Jeff Grubb,4/24/2012,19 ABY,Adult Novel,False,False
314,Secrets of the Jedi,Jude Watson,3/1/2005,20 BBY,Junior Reader,False,False
315,Shadow Games,Michael Reaves and Maya Kaathryn Bohnhoff,11/29/2011,1 BBY,Adult Novel,False,False
316,Shadows of the Empire,Steve Perry,5/1/1996,3 ABY,Adult Novel,False,False
317,Shadows Of The Empire (junior novelization),Christopher Golden,10/1/1996,3 ABY,Junior Reader,False,False
318,Shatterpoint,Matthew Stover,6/3/2003,22 BBY,Adult Novel,False,False
319,Shield of Lies,Michael P. Kube-McDowell,8/1/1996,16 ABY,Adult Novel,False,False
320,Shiny as a Droid,Virginia Holt,4/12/1986,4 ABY,Children's Book,False,False
321,Showdown at Centerpoint,Roger MacBride Allen,9/1/1995,18 ABY,Adult Novel,False,False
322,Sith Attack,Lara Bergen,2/1/2000,32 BBY,Children's Book,False,False
323,Slave Ship,K.W. Jeter,10/6/1998,0 ABY,Adult Novel,False,False
324,Specter of the Past,Timothy Zahn,11/3/1997,19 ABY,Adult Novel,False,False
325,Splinter of the Mind's Eye,Alan Dean Foster,2/12/1978,2 ABY,Adult Novel,False,False
326,Star by Star,Troy Denning,10/30/2001,27 ABY,Adult Novel,False,False
327,Star Wars Episode I: Anakin's Race for Freedom,Alice Alfonsi,4/25/1999,32 BBY,Children's Book,False,False
328,Star Wars Episode I: I Am a Droid,Marc Cerasini,5/3/1999,32 BBY,Children's Book,False,False
329,Star Wars Episode I: I Am a Jedi,Marc Cerasini,4/25/1999,32 BBY,Children's Book,False,False
330,Star Wars Episode I: I Am a Pilot,Marc Cerasini,3/28/2000,32 BBY,Children's Book,False,False
331,Star Wars Episode I: I Am a Queen,Alice Alfonsi,3/28/2000,32 BBY,Children's Book,False,False
332,Star Wars Episode I: The Phantom Menace,Terry Brooks,4/21/1999,32 BBY,Adult Novel,False,False
333,Star Wars Episode I: The Phantom Menace (YA),Patricia Wrede,5/3/1999,32 BBY,null,False,False
334,Star Wars Episode I: Watch Out Jar Jar!,Kerry Milliron,4/25/1999,32 BBY,Children's Book,False,False
335,Star Wars Episode II: Attack of the Clones,R.A. Salvatore,4/23/2002,22 BBY,Adult Novel,False,False
336,Star Wars Episode II: Attack of the Clones (YA),Patricia Wrede,4/23/2002,22 BBY,null,False,False
337,Star Wars Episode III: Revenge of the Sith,Matthew Stover,4/2/2005,19 BBY,Adult Novel,False,False
338,Star Wars Episode III: Revenge of the Sith (YA),Patricia Wrede,4/2/2005,19 BBY,null,False,False
339,Star Wars Episode IV: A New Hope,Alan Dean Foster (Credited as George Lucas),11/12/1976,0 BBY,Adult Novel,False,False
340,Star Wars Episode V: The Empire Strikes Back,Donald F. Glut,4/12/1980,3 ABY,Adult Novel,False,False
341,Star Wars Episode V: The Empire Strikes Back (YA),Ryder Windham,10/1/2004,3 ABY,null,False,False
342,Star Wars Episode VI: Return of the Jedi,James Kahn,5/12/1983,4 ABY,Adult Novel,False,False
343,Star Wars Journal: Captive to Evil,Jude Watson,7/1/1998,0 BBY,Junior Reader,False,False
344,Star Wars Journal: Hero for Hire,Donna Tauscher,7/1/1998,4 ABY,Junior Reader,False,False
345,Star Wars Journal: The Fight for Justice,John Peel,7/1/1998,0 BBY,Junior Reader,False,False
346,Star Wars Missions 1: Assault on Yavin Four,Ryder Windham,9/1/1997,0 ABY,Junior Reader,False,False
347,Star Wars Missions 2: Escape from Thyferra,Ryder Windham,10/1/1997,0 ABY,Junior Reader,False,False
348,Star Wars Missions 3: Attack on Delrakkin,Ryder Windham,11/1/1997,0 ABY,Junior Reader,False,False
349,Star Wars Missions 4: Destroy the Liquidator,Ryder Windham,12/1/1997,0 ABY,Junior Reader,False,False
350,Star Wars Missions 5: The Hunt for Han Solo,Dave Wolverton,1/1/1998,0 ABY,Junior Reader,False,False
351,Star Wars Missions 6: The Search for Grubba the Hutt,Dave Wolverton,2/1/1998,0 ABY,Junior Reader,False,False
352,Star Wars Missions 7: Ithorian Invasion,Dave Wolverton,3/1/1998,0 ABY,Junior Reader,False,False
353,Star Wars Missions 8: Togorian Trap,Dave Wolverton,4/1/1998,0 ABY,Junior Reader,False,False
354,Star Wars Missions 9: Revolt of the Battle Droids,Ryder Windham,5/1/1998,0 ABY,Junior Reader,False,False
355,Star Wars Missions 10: Showdown in Mos Eisley,Ryder Windham,6/1/1998,0 ABY,Junior Reader,False,False
356,Star Wars Missions 11: Bounty Hunters vs. Battle Droids,Ryder Windham,7/1/1998,0 ABY,Junior Reader,False,False
357,Star Wars Missions 12: The Vactooine Disaster,Ryder Windham,8/1/1998,0 ABY,Junior Reader,False,False
358,Star Wars Missions 13: Prisoner of the Nikto Pirates,Dave Wolverton,9/1/1998,2 ABY,Junior Reader,False,False
359,Star Wars Missions 14: The Monsters of Dweem,Dave Wolverton,10/1/1998,2 ABY,Junior Reader,False,False
360,Star Wars Missions 15: Voyage to the Underworld,Dave Wolverton,11/1/1998,2 ABY,Junior Reader,False,False
361,Star Wars Missions 16: Imperial Jailbreak,Dave Wolverton,12/1/1998,2 ABY,Junior Reader,False,False
362,Star Wars Missions 17: Darth Vader's Return,Ryder Windham,1/1/1999,0 ABY,Junior Reader,False,False
363,Star Wars Missions 18: Rogue Squadron to the Rescue,Ryder Windham,2/1/1999,0 ABY,Junior Reader,False,False
364,Star Wars Missions 19: Bounty on Bonadan,Ryder Windham,3/1/1999,0 ABY,Junior Reader,False,False
365,Star Wars Missions 20: Total Destruction,Ryder Windham,4/1/1999,0 ABY,Junior Reader,False,False
366,Star Wars Science Adventures: Emergency in Escape Pod Four,Jude Watson |  K.D. Burkett,2/1/1999,0 ABY,Junior Reader,False,False
367,Star Wars Science Adventures: Journey Across Planet X,Jude Watson |  K.D. Burkett,2/1/1999,0 ABY,Junior Reader,False,False
368,Star Wars: A Pop-Up Book,Douglas Barlowe,5/1/1978,0 ABY,Children's Book,False,False
369,Star Wars: A Storybook,J.J. Gardner,1/13/1987,0 ABY,Children's Book,False,False
370,Star Wars: Attack of the Clones Movie Storybook,Jane B. Mason and Sarah Hines-Stephens,4/1/2002,22 BBY,Children's Book,False,False
371,Star Wars: Colouring Book (Prequels),(Alligator Books),9/1/2011,32 BBY - 19 BBY,Children's Book,False,False
372,Star Wars: Return of the Jedi pop-up book,John Gampert,10/1/1983,4 ABY,Children's Book,False,False
373,Star Wars: Revenge of the Sith: The Movie Storybook,Alice Alfonsi,4/2/2005,19 BBY,Children's Book,False,False
374,Star Wars: The Clone Wars,Karen Traviss,7/26/2008,22 BBY,Adult Novel,False,False
375,Star Wars: The Complete Saga,Jason Fry,11/1/2012,32 BBY - 4 ABY,Children's Book,False,False
376,Star Wars: The Star Wars Storybook,Geraldine Richelson,4/12/1978,0 ABY,Children's Book,False,False
377,Sun Star Against Shadow Stone,(Dragon Picture Books/Lucasfilm),9/24/1987,3 ABY,Children's Book,False,False
378,Survivor's Quest,Timothy Zahn,2/3/2004,22 ABY,Adult Novel,False,False
379,Tales from Jabba's Palace,Various Authors,12/1/1995,4 ABY,Adult Novel,False,False
380,Tales from the Empire,Various Authors,11/3/1997,5 BBY - 10 ABY,Adult Novel,False,False
381,Tales from the Mos Eisley Cantina,Various Authors,7/1/1995,4 BBY - 4 ABY,Adult Novel,False,False
382,Tales from the New Republic,Various Authors,12/1/1999,0 BBY - 18 ABY,Adult Novel,False,False
383,Tales of the Bounty Hunters,Various Authors,12/1/1996,3 ABY,Adult Novel,False,False
384,Tatooine Ghost,Troy Denning,3/4/2003,8 ABY,Adult Novel,False,False
385,Tempest,Troy Denning,11/28/2006,40 ABY,Adult Novel,False,False
386,The Adventures of Teebo: A Tale of Magic and Suspense,Joe Johnston,5/12/1984,3 ABY,Children's Book,False,False
387,The Approaching Storm,Alan Dean Foster,1/29/2002,22 BBY,Adult Novel,False,False
388,The Baby Ewoks' Picnic Surprise,Melinda Luke,6/28/1984,3 ABY,Children's Book,False,False
389,The Bounty Hunter (Lost Jedi Adventure Game Book),Paul Cockburn,1/27/1994,2 ABY,Junior Reader,False,False
390,The Cestus Deception,Steven Barnes,6/1/2004,21 BBY,Adult Novel,False,False
391,The Clone Wars Ultimate Battles Sticker Collection,Heather Scott,10/1/2009,22 BBY - 19 BBY,Children's Book,False,False
392,The Clone Wars Ultimate Sticker Book,Simon Beecroft,7/26/2008,22 BBY - 19 BBY,Children's Book,False,False
393,The Clone Wars: A Jedi Adventure in 3D,Pablo Hidalgo,4/14/2011,20 BBY,Children's Book,False,False
394,The Clone Wars: Ackbar's Underwater Army,Simon Beecroft,4/30/2012,20 BBY,Children's Book,False,False
395,The Clone Wars: Ambush,Zachary Rau,2/5/2009,22 BBY,Children's Book,False,False
396,The Clone Wars: Anakin in Action!,Simon Beecroft,7/26/2008,22 BBY,Children's Book,False,False
397,The Clone Wars: Battle At Teth,Kirsten Mayer,7/26/2008,22 BBY,Children's Book,False,False
398,The Clone Wars: Bombad Jedi,Rob Valois,2/5/2009,22 BBY,Children's Book,False,False
399,The Clone Wars: Bounty Hunter: Boba Fett,Jason Fry,5/13/2010,22 BBY,Children's Book,False,False
400,The Clone Wars: Captured,Rob Valois,7/23/2009,22 BBY,Children's Book,False,False
401,The Clone Wars: Chewbacca And The Wookiee Warriors,Simon Beecroft,4/30/2012,20 BBY,Children's Book,False,False
402,The Clone Wars: Children Of The Force,Kirsten Mayer,4/1/2010,22 BBY,Children's Book,False,False
403,The Clone Wars: Decide Your Destiny: Crisis on Coruscant,Jonathan Green,1/28/2010,22 BBY,Junior Reader,False,False
404,The Clone Wars: Decide Your Destiny: Dooku's Secret Army,Sue Behrent,1/28/2010,21 BBY,Junior Reader,False,False
405,The Clone Wars: Decide Your Destiny: Tethan Battle Adventure,Sue Behrent,7/1/2009,22 BBY,Junior Reader,False,False
406,The Clone Wars: Decide Your Destiny: The Lost Legion,Tracey West,7/23/2009,21 BBY,Junior Reader,False,False
407,The Clone Wars: Decide Your Destiny: The Way of the Jedi,Jake Forbes,10/7/2008,22 BBY,Junior Reader,False,False
408,The Clone Wars: Defenders Of The Republic,Rob Valois,10/7/2010,21 BBY,Junior Reader,False,False
409,The Clone Wars: Destroy Malevolence,Kirsten Mayer,6/29/2009,22 BBY,Children's Book,False,False
410,The Clone Wars: Don't Wake The Zillo Beast,Jon Richards,4/18/2011,22 BBY,Children's Book,False,False
411,The Clone Wars: Downfall Of A Droid,Kirsten Mayer,6/29/2009,22 BBY,Children's Book,False,False
412,The Clone Wars: Follow The Force,Rob Valois,8/4/2011,22 BBY,Children's Book,False,False
413,The Clone Wars: Grievous Attacks!,Rob Valois | Tracy West | Veronica Wasserman,2/5/2009,22 BBY,Junior Reader,False,False
414,The Clone Wars: Jar Jar's Big Day,Rob Valois,3/5/2009,22 BBY,Children's Book,False,False
415,The Clone Wars: Legacy Of Terror,Kirsten Mayer,7/1/2010,22 BBY,Children's Book,False,False
416,The Clone Wars: Meet Ahsoka Tano,Kirsten Mayer,10/2/2008,22 BBY,Children's Book,False,False
417,The Clone Wars: No Prisoners,Karen Traviss,5/19/2009,22 BBY,Adult Novel,False,False
418,The Clone Wars: Operation: Huttlet,Steele Filipek,10/7/2008,22 BBY,Children's Book,False,False
419,The Clone Wars: Pirates...And Worse!,Simon Beecroft,12/7/2009,22 BBY,Children's Book,False,False
420,The Clone Wars: R2 To The Rescue,Rob Valois,1/11/2011,21 BBY,Children's Book,False,False
421,The Clone Wars: R2-D2's Adventure,Kirsten Mayer,3/5/2009,22 BBY,Children's Book,False,False
422,The Clone Wars: Secret Missions 1: Breakout Squad,Ryder Windham,9/3/2009,22 BBY,Junior Reader,False,False
423,The Clone Wars: Secret Missions 2: Curse of the Black Hole Pirates,Ryder Windham,7/22/2010,22 BBY,Junior Reader,False,False
424,The Clone Wars: Secret Missions 3: Duel at Shattered Rock,Ryder Windham,3/3/2011,22 BBY,Junior Reader,False,False
425,The Clone Wars: Secret Missions 4: Guardians of the Chiss Key,Ryder Windham,3/15/2012,22 BBY,Junior Reader,False,False
426,The Clone Wars: Sticker Coloring and Activity,(Dalmation Press),6/15/2008,22 BBY - 19 BBY,Children's Book,False,False
427,The Clone Wars: The Battle For Ryloth,Zachary Rau,7/23/2009,22 BBY,Children's Book,False,False
428,The Clone Wars: The Holocron Heist,Rob Valois,9/3/2009,22 BBY,Children's Book,False,False
429,The Clone Wars: The Hunt For Grievous,Chris Cerasi,7/22/2010,22 BBY,Children's Book,False,False
430,The Clone Wars: The New Padawan,Eric Stevens,7/26/2008,22 BBY,Children's Book,False,False
431,The Clone Wars: The Secret Villain,Rob Valois,1/19/2012,20 BBY,Children's Book,False,False
432,The Clone Wars: Warriors Of The Deep,Rob Valois,10/27/2011,20 BBY,Junior Reader,False,False
433,The Clone Wars: Watch Out for Jabba the Hutt!,Simon Beecroft,7/26/2008,22 BBY,Children's Book,False,False
434,The Clone Wars: Wild Space,Karen Miller,12/9/2008,22 BBY,Adult Novel,False,False
435,The Clone Wars: Yoda In Action,Heather Scott,2/16/2009,22 BBY,Children's Book,False,False
436,The Courtship of Princess Leia,Dave Wolverton,4/1/1994,8 ABY,Adult Novel,False,False
437,The Crystal Star,Vonda N. McIntyre,12/1/1994,14 ABY,Adult Novel,False,False
438,The Death Star,John Whitman,3/1/1997,0 BBY,Children's Book,False,False
439,The Empire Strikes Back Coloring Book (1980),Unknown Author,4/1/1980,3 ABY,Children's Book,False,False
440,The Empire Strikes Back Coloring Book (1982),Unknown Author,4/1/1982,3 ABY,Children's Book,False,False
441,The Empire Strikes Back Pop-Up Book,Patricia Wynne,1/1/1980,3 ABY,Children's Book,False,False
442,The Empire Strikes Back Storybook,Shep Steneman,4/12/1982,3 ABY,Children's Book,False,False
443,The Empire Strikes Back: A Storybook,J.J. Gardner,3/13/1997,3 ABY,Children's Book,False,False
444,The Ewok Adventure (Caravan of Courage),(Buena Vista Records/Lucasfilm),11/25/1984,3 ABY,Children's Book,False,False
445,The Ewok Who Was Afraid: An Ewok Adventure,Helena Clare Pittman,1/1/1986,3 ABY,Children's Book,False,False
446,The Ewoks and the Lost Children,Amy Ehrlich,12/3/1985,3 ABY,Children's Book,False,False
447,The Ewoks Save the Day,Kay Carroll,10/1/1983,4 ABY,Children's Book,False,False
448,The Ewoks' Hang-Gliding Adventure,Jane Herbstman,6/28/1984,3 ABY,Children's Book,False,False
449,The Final Prophecy,Greg Keyes,9/30/2003,29 ABY,Adult Novel,False,False
450,The Force Unleashed,Sean Williams,8/19/2008,2 BBY,Adult Novel,False,False
451,The Force Unleashed II,Sean Williams,10/5/2010,1 BBY,Adult Novel,False,False
452,The Further Adventures: Droid World,Archie Goodwin,6/5/1995,3 ABY,Children's Book,False,False
453,The Further Adventures: Planet of the Hoojibs,David Michelinie,4/1/1983,3 ABY,Children's Book,False,False
454,The Glove of Darth Vader,Paul |  Hollace Davids,6/1/1992,5 ABY,Junior Reader,False,False
455,The Greatest Battles,John Whitman,5/1/1998,0 BBY - 4 ABY,Children's Book,False,False
456,The Han Solo Adventures,Brian Daley,4/22/1992,2 BBY - 1 BBY,Adult Novel,False,False
457,The Haunted Village,(Dragon Picture Books/Lucasfilm),9/24/1987,3 ABY,Children's Book,False,False
458,The Hive,Steven Barnes,5/27/2004,21 BBY,Short Story,False,False
459,The Hoth Adventure,Jay Rudko,2/1/1998,3 ABY,Children's Book,False,False
460,The Hutt Gambit,A.C. Crispin,8/11/1997,5 BBY - 4 BBY,Adult Novel,False,False
461,The Joiner King,Troy Denning,7/26/2005,35 ABY,Adult Novel,False,False
462,The Lando Calrissian Adventures,L. Neil Smith,6/1/1994,4 BBY - 3 BBY,Adult Novel,False,False
463,The Last Command,Timothy Zahn,4/1/1993,9 ABY,Adult Novel,False,False
464,The Last Jedi,Michael Reaves,2/26/2013,18 BBY,Adult Novel,False,False
465,The Last of the Jedi #1: The Desperate Mission,Jude Watson,5/1/2005,19 BBY,Junior Reader,False,False
466,The Last of the Jedi #2: Dark Warning,Jude Watson,9/1/2005,19 BBY,Junior Reader,False,False
467,The Last of the Jedi #3: Underworld,Jude Watson,12/1/2005,19 BBY,Junior Reader,False,False
468,The Last of the Jedi #4: Death on Naboo,Jude Watson,4/1/2006,19 BBY,Junior Reader,False,False
469,The Last of the Jedi #5: A Tangled Web,Jude Watson,7/1/2006,19 BBY,Junior Reader,False,False
470,The Last of the Jedi #6: Return of the Dark Side,Jude Watson,11/17/2006,19 BBY,Junior Reader,False,False
471,The Last of the Jedi #7: Secret Weapon,Jude Watson,3/1/2007,19 BBY,Junior Reader,False,False
472,The Last of the Jedi #8: Against the Empire,Jude Watson,10/1/2007,18 BBY,Junior Reader,False,False
473,The Last of the Jedi #9: Master of Deception,Jude Watson,2/1/2008,18 BBY,Junior Reader,False,False
474,The Last of the Jedi #10: Reckoning,Jude Watson,5/7/2008,18 BBY,Junior Reader,False,False
475,The Life and Legend of Obi-Wan Kenobi,Ryder Windham,8/27/2008,44 BBY - 9 ABY,Junior Reader,False,False
476,The Lost City of the Jedi,Paul |  Hollace Davids,6/1/1992,5 ABY,Junior Reader,False,False
477,The Lost Prince: A Droid Adventure,Ellen Weiss,12/1/1985,15 BBY,Children's Book,False,False
478,The Mandalorian Armor,K.W. Jeter,6/1/1998,0 ABY,Adult Novel,False,False
479,The Maverick Moon,Eleanor Ehrhardt,3/12/1979,1 ABY,Children's Book,False,False
480,The Mixed up Droid,John Whitman (story) Ryder Windham (script),1/1/1995,8 ABY,null,False,False
481,The Mos Eisley Cantina Pop-Up Book,Kevin J. Anderson and Rebecca Moesta,10/1/1995,0 ABY,Children's Book,False,False
482,The Mystery of the Rebellious Robot,Eleanor Ehrhardt,3/12/1979,4 ABY,Children's Book,False,False
483,The New Rebellion,Kristine Kathryn Rusch,12/1/1996,17 ABY,Adult Novel,False,False
484,The Old Republic: Annihilation,Drew Karpyshyn,11/13/2012,3640 BBY,Adult Novel,False,False
485,The Old Republic: Deceived,Paul S. Kemp,3/22/2011,3653 BBY,Adult Novel,False,False
486,The Old Republic: Fatal Alliance,Sean Williams,7/20/2010,3643 BBY,Adult Novel,False,False
487,The Old Republic: Revan,Drew Karpyshyn,11/15/2011,3950 BBY,Adult Novel,False,False
488,The Paradise Snare,A.C. Crispin,5/5/1997,10 BBY,Adult Novel,False,False
489,The Pirates of Tarnoonga: A Droid Adventure,Ellen Weiss,6/1/1986,15 BBY,Children's Book,False,False
490,The Queen's Amulet,Julianne Balmain,9/1/1999,32 BBY,Children's Book,False,False
491,The Red Ghost: An Ewok Adventure,Melinda Luke,7/1/1986,3 ABY,Children's Book,False,False
492,The Ring the Witch and the Crystal: An Ewok Adventure,Cathy East Dubowski,1/1/1986,3 ABY,Children's Book,False,False
493,The Rise and Fall of Darth Vader,Ryder Windham,10/1/2007,38 BBY - 4 ABY,Junior Reader,False,False
494,The Shadow Stone: An Ewok Adventure,Cathy East Dubowski | Paul Dini (story),4/1/1986,3 ABY,Children's Book,False,False
495,The Swarm War,Troy Denning,12/27/2005,36 ABY,Adult Novel,False,False
496,The Trigon Unleashed,Peter Sauder,12/10/1987,15 BBY,Children's Book,False,False
497,The Truce at Bakura,Kathy Tyers,11/1/1993,4 ABY,Adult Novel,False,False
498,The Ultimate Star Wars Episode I Sticker Book,David Pickering,5/1/1999,32 BBY,Children's Book,False,False
499,The Unifying Force,James Luceno,11/4/2003,29 ABY,Adult Novel,False,False
500,The Unseen Queen,Troy Denning,9/27/2005,36 ABY,Adult Novel,False,False
501,The White Witch: A Droid Adventure,Emily James,12/19/1987,15 BBY,Children's Book,False,False
502,The Wookiee Storybook,Eleanor Ehrhardt,9/12/1979,1 BBY,Children's Book,False,False
503,The Wrath of Darth Maul,Ryder Windham,1/1/2012,51 BBY - 20 BBY,Junior Reader,False,False
504,Three Cheers for Kneesaa!: An Ewok Adventure,Jane E. Gerver,6/28/1984,3 ABY,Children's Book,False,False
505,TIE Fighter: A Pocket Manual,David West Reynolds,10/1/1996,0 ABY - 4 ABY,Children's Book,False,False
506,To Save Deej,(Dragon Picture Books/Lucasfilm),9/24/1987,3 ABY,Children's Book,False,False
507,Traitor,Matthew Stover,7/30/2002,27 ABY,Adult Novel,False,False
508,Tyrant's Test,Michael P. Kube-McDowell,12/1/1996,16 ABY,Adult Novel,False,False
509,Under Black Sun (Young Jedi Knights #12-14),Kevin J. Anderson |  Rebecca Moesta,6/1/1999,24 ABY,Junior Reader,False,False
510,Vector Prime,R.A. Salvatore,10/5/1999,25 ABY,Adult Novel,False,False
511,Vision of the Future,Timothy Zahn,9/1/1998,19 ABY,Adult Novel,False,False
512,Vortex,Troy Denning,11/30/2010,44 ABY,Adult Novel,False,False
513,Wicket and the Dandelion Warriors: An Ewok Adventure,Larry Weinberg,11/12/1985,3 ABY,Children's Book,False,False
514,Wicket Finds a Way: An Ewok Adventure,Melinda Luke,6/28/1984,3 ABY,Children's Book,False,False
515,Wicket Goes Fishing: An Ewok Adventure,Melinda Luke,4/1/1986,3 ABY,Children's Book,False,False
516,Wicket's Wagon,(Dragon Picture Books/Lucasfilm),9/24/1987,3 ABY,Children's Book,False,False
517,Winner Lose All,Timothy Zahn,12/10/2012,0 ABY,Short Story,False,False
518,X-Wing: Iron Fist,Aaron Allston,7/6/1998,7 ABY,Adult Novel,False,False
519,X-Wing: Isard's Revenge,Michael Stackpole,4/19/1999,9 ABY,Adult Novel,False,False
520,X-Wing: Mercy Kill,Aaron Allston,8/7/2012,44 ABY,Adult Novel,False,False
521,X-Wing: Rogue Squadron,Michael Stackpole,1/1/1996,6 ABY,Adult Novel,False,False
522,X-Wing: Solo Command,Aaron Allston,2/2/1999,7 ABY,Adult Novel,False,False
523,X-Wing: Starfighters of Adumar,Aaron Allston,8/3/1999,12 ABY,Adult Novel,False,False
524,X-Wing: The Bacta War,Michael Stackpole,2/6/1997,7 ABY,Adult Novel,False,False
525,X-Wing: The Krytos Trap,Michael Stackpole,10/2/1996,7 ABY,Adult Novel,False,False
526,X-Wing: Wedge's Gamble,Michael Stackpole,5/2/1996,6 ABY,Adult Novel,False,False
527,X-Wing: Wraith Squadron,Aaron Allston,2/2/1998,7 ABY,Adult Novel,False,False
528,Ylesia,Walter Jon Williams,9/3/2002,28 ABY,Short Story,False,False
529,Yoda: Dark Rendezvous,Sean Stewart,11/23/2004,20 BBY,Adult Novel,False,False
530,Young Jedi Knights #1: Heirs of the Force,Kevin J. Anderson |  Rebecca Moesta,6/1/1995,23 ABY,Junior Reader,False,False
531,Young Jedi Knights #2: Shadow Academy,Kevin J. Anderson |  Rebecca Moesta,9/1/1995,23 ABY,Junior Reader,False,False
532,Young Jedi Knights #3: The Lost Ones,Kevin J. Anderson |  Rebecca Moesta,12/1/1995,23 ABY,Junior Reader,False,False
533,Young Jedi Knights #4: Lightsabers,Kevin J. Anderson |  Rebecca Moesta,3/1/1996,23 ABY,Junior Reader,False,False
534,Young Jedi Knights #5: Darkest Knight,Kevin J. Anderson |  Rebecca Moesta,6/1/1996,23 ABY,Junior Reader,False,False
535,Young Jedi Knights #6: Jedi Under Siege,Kevin J. Anderson |  Rebecca Moesta,9/1/1996,23 ABY,Junior Reader,False,False
536,Young Jedi Knights #7: Shards of Alderaan,Kevin J. Anderson |  Rebecca Moesta,1/1/1997,24 ABY,Junior Reader,False,False
537,Young Jedi Knights #8: Diversity Alliance,Kevin J. Anderson |  Rebecca Moesta,4/1/1997,24 ABY,Junior Reader,False,False
538,Young Jedi Knights #9: Delusions of Grandeur,Kevin J. Anderson |  Rebecca Moesta,7/1/1997,24 ABY,Junior Reader,False,False
539,Young Jedi Knights #10: Jedi Bounty,Kevin J. Anderson |  Rebecca Moesta,10/1/1997,24 ABY,Junior Reader,False,False
540,Young Jedi Knights #11: The Emperor's Plague,Kevin J. Anderson |  Rebecca Moesta,1/1/1998,24 ABY,Junior Reader,False,False
541,Young Jedi Knights #12: Return to Ord Mantell,Kevin J. Anderson |  Rebecca Moesta,5/1/1998,24 ABY,Junior Reader,False,False
542,Young Jedi Knights #13: Trouble on Cloud City,Kevin J. Anderson |  Rebecca Moesta,8/1/1998,24 ABY,Junior Reader,False,False
543,Young Jedi Knights #14: Crisis at Crystal Reef,Kevin J. Anderson |  Rebecca Moesta,12/1/1998,24 ABY,Junior Reader,False,False
544,Zorba the Hutt's Revenge,Paul |  Hollace Davids,6/1/1992,5 ABY,Junior Reader,False,False
545,The Third Lesson,Paul S. Kemp,3/2/2011,3667 BBY,Short Story,False,False
546,Smuggler's Vanguard,Robert Chestney,3/25/2010,3660 BBY,Short Story,False,False
547,The Last Battle Of Jace Malcolm,Alexander Freed,10/1/2012,3640 BBY,Short Story,False,False
548,Dawn Of The Jedi: Eruption,John Ostrander,4/30/2013,25793 BBY,Short Story,False,False
549,The Tenebrous Way,Matthew Stover,12/13/2011,66 BBY,Short Story,False,False
550,The Syrox Redemption,Joe Schreiber,12/10/2013,36 BBY,Short Story,False,False
551,League of Spies,Aaron Allston,1/13/2004,22 BBY,Short Story,False,False
552,The Clone Wars: The Pengalan Tradeoff,Aaron Allston,1/21/2003,22 BBY,Short Story,False,False
553,Elusion Illusion,Michael A. Stackpole,3/4/2003,22 BBY,Short Story,False,False
554,Death in the Catacombs,Mike W. Barr,12/7/2004,22 BBY,Short Story,False,False
555,Hondo Ohnaka's Not-So-Big Score,Jason Fry,9/3/2013,25 BBY,Short Story,False,False
556,Reputation,Ari Marmell,9/4/2012,26 BBY,Short Story,False,False
557,Omega Squad: Targets,Karen Traviss,3/11/2005,22 BBY,Short Story,False,False
558,Speaking Silently,Jason Fry,1/29/2013,20 BBY,Short Story,False,False
559,Hero of Cartao,Timothy Zahn,5/12/2003,21 BBY,Short Story,False,False
560,Republic Commando: Odds,Karen Traviss,4/1/2006,21 BBY,Short Story,False,False
561,Changing Seasons,Timothy Zahn,2/27/2004,20 BBY,Short Story,False,False
562,MedStar: Intermezzo,Michael Reaves and Steve Perry,7/20/2005,20 BBY,Short Story,False,False
563,Hammer,Edward M. Erdelac,1/21/2014,20 BBY,Short Story,False,False
564,Incognito,John Jackson Miller,7/23/2013,19 BBY,Short Story,False,False
565,Ghosts of the Sith,Jude Watson,6/13/2006,19 BBY,Short Story,False,False
566,A Two-Edged Sword,Karen Traviss,11/1/2005,18 BBY,Short Story,False,False
567,The Guns of Kelrodo-Ai,Jason Fry,3/13/2012,17 BBY,Short Story,False,False
568,And Leebo Makes Three,Michael Reaves and Maya Kaathryn Bohnhoff,9/13/2011,5 BBY,Short Story,False,False
569,Silver and Scarlet,James S. A. Corey and Joe Corroney,3/11/2014,3 BBY,Short Story,False,False
570,Maze Run,David J. Williams and Mark S. Williams,1/31/2012,1 BBY,Short Story,False,False
571,Heist,Timothy Zahn,12/11/2012,0 ABY,Short Story,False,False
572,Pearls in the Sand,Voronica Whitney-Robinson,2/6/2004,0 ABY,Short Story,False,False
573,Vader Adrift,Ryder Windham,11/8/2011,3 ABY,Short Story,False,False
574,Buyer's Market,Timothy Zahn,6/14/2011,5 ABY,Short Story,False,False
575,The Trouble with Squibs,Troy Denning,3/28/2003,8 ABY,Short Story,False,False
576,Hunting the Gorach,Jeff Grubb,5/1/2012,19 ABY,Short Story,False,False
577,Emissary of the Void (Parts I II III),Greg Keyes,1/8/2002,26 ABY,Short Story,False,False
578,Emissary of the Void (Parts IV V VI),Greg Keyes,9/13/2002,26 ABY,Short Story,False,False
579,Or Die Trying,Sean Williams and Shane Dix,3/19/2004,28 ABY,Short Story,False,False
580,A Fair Trade,Paul S. Kemp,10/25/2011,38 ABY,Short Story,False,False
581,First Blood,Christie Golden,4/26/2011,41 ABY,Short Story,False,False
582,Getaway,Christie Golden,6/12/2012,44 ABY,Short Story,False,False
583,Roll of the Dice,Karen Miller,7/24/2012,44 ABY,Short Story,False,False
584,Good Hunting,Christie Golden,6/11/2013,45 ABY,Short Story,False,False
585,Darkness Shared,Bill Slavicsek,7/24/2001,1000 BBY,Short Story,False,False
586,Bane of the Sith,Kevin J. Anderson,4/17/2001,1000 BBY,Short Story,False,False
587,The Monster,Daniel Wallace,2/1/2001,36 BBY,Short Story,False,False
588,The Starfighter Trap,Steve Miller,9/1/2000,33 BBY,Short Story,False,False
589,Deep Spoilers,Ryder Windham,6/19/2001,31 BBY,Short Story,False,False
590,Rebel Bass,Kathy Tyers,8/14/2001,2 BBY,Short Story,False,False
591,Fair Prey,Daniel Wallace,9/1/2000,0 ABY,Short Story,False,False
592,A Credit for Your Thoughts,Tish Eggleston Pahl and Chris Cassidy,2/1/2001,4 ABY,Short Story,False,False
593,Handoff,Timothy Zahn,4/19/2002,4 ABY,Short Story,False,False
594,Red Sky Blue Flame,Elaine Cunningham,10/16/2001,22 ABY,Short Story,False,False
595,The Crystal,Elaine Cunningham,7/24/2001,24 ABY,Short Story,False,False
596,The Apprentice,Elaine Cunningham,1/1/2002,27 ABY,Short Story,False,False
597,Dark Vendetta,Eric S. Trautmann,7/1/1996,10 BBY,Short Story,False,False
598,Wanderer of Worlds,John Dunivant,10/1/1996,1 BBY,Short Story,False,False
599,Priority X,George R. Strayton,8/1/1997,0 BBY,Short Story,False,False
600,Sandbound on Tatooine,Peter M. Schweighofer,1/1/1997,0 BBY,Short Story,False,False
601,Double Cross on Ord Mantell,Michael Mikaelian,10/1/1995,3 ABY,Short Story,False,False
602,Hunting the Hunters,Bill Smith,1/1/1996,3 ABY,Short Story,False,False
603,The Emperor's Trophy,Peter M. Schweighofer,5/1/1997,3 ABY,Short Story,False,False
604,Lumiya: Dark Star of the Empire,Michael Mikaelian and Patrick McLaughlin,4/1/1995,5 ABY,Short Story,False,False
605,The Battle of Cadinth,Bill Smith,1/1/1995,6 ABY,Short Story,False,False
606,Restraint,James Luceno,12/27/2011,39 BBY,Short Story,False,False
607,End Game,James Luceno,1/31/2012,32 BBY,Short Story,False,False
608,The Last One Standing,Jude Watson,5/1/2006,19 BBY,Short Story,False,False
609,In His Image,Karen Traviss,7/1/2005,19 ABY,Short Story,False,False
610,Crisis of Faith,Timothy Zahn,9/6/2011,8 ABY,Short Story,False,False
611,Fool's Bargain,Timothy Zahn,2/3/2004,21 ABY,Short Story,False,False
